{
    "epoch": 3.53,
    "eval_exact_match": 38.3297222769352,
    "eval_f1": 55.98725322878418,
    "eval_samples": 5624
}