{
    "epoch": 25.64,
    "eval_exact_match": 18.534567658065786,
    "eval_f1": 35.890194542321595,
    "eval_samples": 5624
}