{
    "ner": {
        "conll": {
            "conll_2003_en_1324": 0.5221713781356812,
            "conll_2003_en_3157": 0.6325472593307495,
            "conll_2003_en_1786": 0.7315511107444763,
            "conll_2003_en_1179": 0.7085509300231934,
            "conll_2003_en_924": 0.666221022605896,
            "conll_2003_en_20": 0.6135659217834473,
            "conll_2003_en_1035": 0.6029304265975952,
            "conll_2003_en_3082": 0.8855272531509399,
            "conll_2003_en_3311": 0.7757495045661926,
            "conll_2003_en_2757": 0.689238965511322,
            "conll_2003_en_3111": 0.6632393002510071,
            "conll_2003_en_2115": 0.7649980187416077,
            "conll_2003_en_2047": 0.4871216118335724,
            "conll_2003_en_3027": 0.5467273592948914,
            "conll_2003_en_1174": 0.7413645386695862,
            "conll_2003_en_1019": 0.6091170907020569,
            "conll_2003_en_1084": 0.6569109559059143,
            "conll_2003_en_211": 0.465669184923172,
            "conll_2003_en_1545": 0.5010762214660645,
            "conll_2003_en_791": 0.7071667313575745,
            "conll_2003_en_2650": 0.577795147895813,
            "conll_2003_en_639": 0.5682312250137329,
            "conll_2003_en_250": 0.7452443838119507,
            "conll_2003_en_3233": 0.49807578325271606,
            "conll_2003_en_807": 0.510466992855072,
            "conll_2003_en_3314": 0.7037113904953003,
            "conll_2003_en_1154": 0.546466588973999,
            "conll_2003_en_2164": 0.7676745653152466,
            "conll_2003_en_2932": 0.8055751919746399,
            "conll_2003_en_669": 0.7179566025733948,
            "conll_2003_en_2303": 0.7644457221031189,
            "conll_2003_en_2177": 0.7078496813774109,
            "conll_2003_en_3098": 0.8099796175956726,
            "conll_2003_en_416": 0.7345324754714966,
            "conll_2003_en_3252": 0.557055652141571,
            "conll_2003_en_25": 0.5124881863594055,
            "conll_2003_en_584": 0.5083415508270264,
            "conll_2003_en_2956": 0.4028995931148529,
            "conll_2003_en_2983": 0.6897332668304443
        },
        "amh": {
            "amh_409": 0.7925755381584167,
            "amh_488": 0.8505828380584717,
            "amh_434": 0.8495938181877136,
            "amh_106": 0.8369532227516174
        },
        "ibo": {
            "ibo_1": 0.6057363748550415,
            "ibo_52": 0.7320758104324341,
            "ibo_47": 0.7178338766098022,
            "ibo_298": 0.5021423101425171,
            "ibo_236": 0.6297264695167542,
            "ibo_49": 0.5974447131156921
        },
        "hau": {
            "hau_59": 0.5898013114929199,
            "hau_380": 0.4635191261768341,
            "hau_421": 0.7271289825439453,
            "hau_57": 0.6333653926849365,
            "hau_469": 0.6614314913749695,
            "hau_433": 0.5809438228607178
        },
        "zh": {
            "zh_206": 0.770102858543396,
            "zh_945": 0.7866628170013428,
            "zh_1134": 0.8363513946533203,
            "zh_466": 0.8002565503120422,
            "zh_199": 0.8447864651679993,
            "zh_925": 0.7883197069168091,
            "zh_1162": 0.8568562865257263,
            "zh_56": 0.8484268188476562,
            "zh_315": 0.8472864031791687,
            "zh_1570": 0.8694120645523071,
            "zh_1404": 0.8251413106918335,
            "zh_730": 0.8507956862449646,
            "zh_1686": 0.853331983089447,
            "zh_1251": 0.8161794543266296,
            "zh_1674": 0.8052093982696533,
            "zh_22": 0.9051594734191895,
            "zh_396": 0.8442046642303467,
            "zh_563": 0.7764853835105896
        },
        "pcm": {
            "pcm_571": 0.6433249711990356,
            "pcm_532": 0.5224084258079529,
            "pcm_583": 0.5766376256942749,
            "pcm_231": 0.5702429413795471,
            "pcm_141": 0.5546019077301025
        },
        "yor": {
            "yor_195": 0.6789158582687378,
            "yor_95": 0.7129697203636169
        },
        "swa": {
            "swa_418": 0.6477361917495728,
            "swa_586": 0.6237011551856995,
            "swa_487": 0.4729251563549042,
            "swa_576": 0.48828503489494324
        },
        "kin": {
            "kin_431": 0.6026700735092163,
            "kin_371": 0.548906147480011,
            "kin_492": 0.5539903044700623,
            "kin_170": 0.5949124097824097,
            "kin_25": 0.6239175200462341,
            "kin_12": 0.8200252056121826
        },
        "luo": {
            "luo_69": 0.5896852016448975,
            "luo_46": 0.43617135286331177,
            "luo_72": 0.599582850933075,
            "luo_61": 0.5987175107002258
        },
        "lug": {
            "lug_133": 0.6932929754257202,
            "lug_177": 0.5946105718612671,
            "lug_229": 0.6979133486747742,
            "lug_317": 0.5707591772079468,
            "lug_72": 0.42181017994880676
        },
        "wol": {
            "wol_28": 0.6925123333930969
        }
    },
    "tydiqa": {
        "russian": {
            "russian-4249115877470801367-0": 0.5808302164077759,
            "russian-7888398275808515399-1": 0.5681729316711426,
            "russian--2436370759445792453-6": 0.639521062374115,
            "russian-2382936912420430159-3": 0.6164712905883789,
            "russian--7943087334328460999-1": 0.6149790287017822,
            "russian-4329697005017142576-0": 0.6389937400817871,
            "russian-4075106104606070541-0": 0.6516424417495728,
            "russian--2635479971665322251-3": 0.6060986518859863,
            "russian-8377457426244446718-1": 0.6225813031196594,
            "russian--6154565655687197088-0": 0.703921914100647,
            "russian-7713480554395224009-5": 0.5362379550933838,
            "russian--1678801928221620289-25": 0.597576916217804,
            "russian-3237181095912660061-0": 0.5512815713882446,
            "russian--150569960476779829-2": 0.6522823572158813,
            "russian-6440305251115528923-0": 0.639340877532959
        },
        "telugu": {
            "telugu--5033932555385277544-0": 0.7628577351570129,
            "telugu-713671767070522679-0": 0.8093119263648987,
            "telugu--7024664909033842374-0": 0.7462451457977295,
            "telugu-1648490267441309188-0": 0.7874101996421814,
            "telugu-507719114038632250-0": 0.7852354645729065,
            "telugu-2013662435830074518-0": 0.7929214239120483,
            "telugu--9179046176937299698-0": 0.7768117785453796,
            "telugu--3285628036396185959-0": 0.7632710337638855,
            "telugu-1232440739069290030-21": 0.7875825762748718,
            "telugu-4617795002680831857-1": 0.7916247844696045,
            "telugu--6621674146006300543-0": 0.7738189101219177,
            "telugu--4438896797565601765-0": 0.7676817178726196,
            "telugu--2702883123634690265-0": 0.7587873935699463
        },
        "indonesian": {
            "indonesian--1662117902694110936-0": 0.48093825578689575,
            "indonesian--6875782319991396106-1": 0.4994400441646576,
            "indonesian--7212944268145830193-0": 0.4349946677684784,
            "indonesian-2661823338185246511-0": 0.505560040473938,
            "indonesian--3999003506418034446-0": 0.570631206035614,
            "indonesian-148348127461563099-9": 0.44362789392471313,
            "indonesian-4872122324683106303-92": 0.5014617443084717,
            "indonesian-7607882459638268302-0": 0.529147207736969,
            "indonesian--5129871463312724843-8": 0.3731350302696228,
            "indonesian-8542548889842650123-3": 0.5036954879760742,
            "indonesian--7584593302070700915-2": 0.5391632318496704,
            "indonesian-4425985708682922187-1": 0.41679707169532776,
            "indonesian-2517151464593065213-5": 0.2989064157009125,
            "indonesian-8549766724318606626-0": 0.4208095967769623,
            "indonesian--3618989136571774106-0": 0.49848565459251404,