{"ner": {"amh": [0.32784026861190796, 0.3320084810256958, 0.34580710530281067, 0.32013389468193054], "conll": [0.1617226004600525, 0.18336474895477295, 0.22952814400196075, 0.21001845598220825, 0.15347222983837128, 0.1456332802772522, 0.14698712527751923, 0.34104692935943604, 0.3414827287197113, 0.17691262066364288, 0.3716146647930145, 0.33688533306121826, 0.1624494045972824, 0.19984762370586395, 0.16335316002368927, 0.16094104945659637, 0.1511937528848648, 0.1992187350988388, 0.15462808310985565, 0.31338566541671753, 0.31684401631355286, 0.3539516031742096, 0.3577286899089813, 0.18803411722183228, 0.14947421848773956, 0.36259058117866516, 0.1516718566417694, 0.18209807574748993, 0.36364904046058655, 0.1598893105983734, 0.39419832825660706, 0.34932854771614075, 0.17864330112934113, 0.14581845700740814, 0.20502936840057373, 0.15512476861476898, 0.19108755886554718, 0.19112235307693481, 0.3504430055618286], "hau": [0.1479339748620987, 0.16469641029834747, 0.1459122747182846, 0.1262316256761551, 0.16471907496452332, 0.15069074928760529], "ibo": [0.14877869188785553, 0.18309907615184784, 0.18984068930149078, 0.14898748695850372, 0.15217964351177216, 0.15978123247623444], "kin": [0.15235893428325653, 0.13667650520801544, 0.1303483098745346, 0.14026504755020142, 0.10683276504278183, 0.38135239481925964], "lug": [0.1783696413040161, 0.13810837268829346, 0.16628865897655487, 0.16106168925762177, 0.16729219257831573], "luo": [0.1300409883260727, 0.16674356162548065, 0.10035008192062378, 0.14060048758983612], "pcm": [0.16008396446704865, 0.15877290070056915, 0.15171635150909424, 0.14794982969760895, 0.15866629779338837], "swa": [0.1263948529958725, 0.1587093323469162, 0.2186204195022583, 0.1587173342704773], "wol": [0.17803509533405304], "yor": [0.2399984747171402, 0.32774433493614197], "zh": [0.33921709656715393, 0.36168041825294495, 0.32095375657081604, 0.3396758735179901, 0.2835693061351776, 0.32197898626327515, 0.32145288586616516, 0.3175066411495209, 0.3347179889678955, 0.3238103687763214, 0.29258784651756287, 0.32716572284698486, 0.3152075707912445, 0.3373294174671173, 0.2791856527328491, 0.33610013127326965, 0.266171395778656, 0.2864174544811249]}, "tydiqa": {"arabic": [0.15777041018009186, 0.20297002792358398, 0.15525902807712555, 0.18623970448970795, 0.15614895522594452, 0.14656345546245575, 0.16001906991004944, 0.16155041754245758, 0.16239812970161438, 0.15888488292694092, 0.16189755499362946, 0.18984313309192657, 0.152621328830719, 0.15431079268455505, 0.18953140079975128, 0.15429244935512543, 0.15839125216007233], "telugu": [0.14046718180179596, 0.26411762833595276, 0.13649798929691315, 0.1481110006570816, 0.14291609823703766, 0.13851051032543182, 0.14040879905223846, 0.1420537233352661, 0.25613638758659363, 0.25322115421295166, 0.1407792717218399, 0.17549604177474976, 0.15123595297336578], "swahili": [0.09951183944940567, 0.1504472941160202, 0.13905473053455353, 0.14951729774475098, 0.1401931792497635, 0.09491676092147827, 0.11641039699316025], "japanese": [], "finnish": [0.08899915963411331, 0.09758415073156357, 0.09734395891427994, 0.11171877384185791, 0.09229013323783875, 0.09495791792869568, 0.10190507024526596, 0.10532359033823013, 0.11049505323171616, 0.08822944015264511, 0.11935817450284958, 0.1342431753873825, 0.10432692617177963], "indonesian": [0.1413060873746872, 0.1071176752448082, 0.10778119415044785, 0.09388723224401474, 0.13828065991401672, 0.09999708086252213, 0.10105868428945541, 0.13540175557136536, 0.09978114813566208, 0.10512521117925644, 0.10129129886627197, 0.10590264946222305, 0.10229897499084473, 0.09960237890481949, 0.09720496088266373, 0.12278915196657181], "russian": [0.21971184015274048, 0.13313470780849457, 0.15244048833847046, 0.14398100972175598, 0.1095796748995781, 0.11671116203069687, 0.17331743240356445, 0.11220448464155197, 0.11647333949804306, 0.11106765270233154, 0.15546457469463348, 0.11014100164175034, 0.10945843905210495, 0.13943029940128326, 0.1118997111916542], "thai": [], "korean": [0.24815897643566132, 0.31165874004364014, 0.2368321269750595, 0.12344249337911606, 0.13075190782546997], "bengali": [0.2484167069196701, 0.25165560841560364, 0.2608341574668884, 0.2552691400051117], "english": [0.1086784228682518, 0.10538852959871292, 0.10477199405431747, 0.10619613528251648, 0.15555335581302643, 0.10178470611572266, 0.09932362288236618, 0.14226648211479187, 0.12031728029251099, 0.10928181558847427]}, "glue": {"cola": [], "mnli": [0.15715649724006653, 0.1656242161989212, 0.16832536458969116], "mrpc": [], "qnli": [0.14019741117954254], "qqp": [0.17535851895809174, 0.19010727107524872, 0.17105138301849365, 0.1963150054216385, 0.1974751502275467, 0.17116977274417877, 0.1956363469362259, 0.17474758625030518, 0.184182271361351, 0.1995912343263626, 0.13947796821594238, 0.1630299687385559, 0.17406387627124786, 0.18572276830673218, 0.1722012609243393, 0.17033176124095917, 0.18733036518096924, 0.18687467277050018, 0.17741207778453827, 0.17452771961688995, 0.18182672560214996, 0.18264472484588623, 0.16110022366046906, 0.17350198328495026, 0.18001480400562286, 0.20021647214889526, 0.16965417563915253, 0.17562417685985565, 0.18367652595043182, 0.20081448554992676, 0.19054342806339264, 0.1753929704427719, 0.18220750987529755, 0.18896597623825073, 0.17092525959014893, 0.1784055233001709, 0.1764192134141922, 0.1707303673028946, 0.18573732674121857, 0.16583384573459625, 0.1614340990781784, 0.32860925793647766, 0.18417948484420776, 0.17123545706272125, 0.208509624004364, 0.17479686439037323, 0.17357023060321808, 0.3422584533691406, 0.17138159275054932, 0.18141186237335205, 0.18190132081508636, 0.17401011288166046, 0.16470827162265778, 0.18018662929534912, 0.1615424007177353, 0.19799095392227173, 0.1883467435836792, 0.17469967901706696, 0.17886511981487274, 0.20933468639850616, 0.10819146782159805, 0.19007085263729095, 0.1758865863084793, 0.14871470630168915, 0.1771574765443802, 0.16515524685382843, 0.16981537640094757, 0.17808955907821655, 0.19506888091564178, 0.17561380565166473, 0.1944456249475479, 0.17435163259506226, 0.2014407366514206, 0.18657274544239044, 0.17107339203357697, 0.19285881519317627, 0.16330720484256744, 0.19301347434520721, 0.16761869192123413, 0.17309080064296722, 0.17409469187259674, 0.18027223646640778, 0.1697399616241455, 0.3135647475719452, 0.18106316030025482, 0.18322445452213287, 0.1752295047044754, 0.18534953892230988, 0.20071369409561157, 0.20971401035785675, 0.17562110722064972, 0.17779619991779327], "rte": [0.15977998077869415, 0.10745495557785034, 0.09802999347448349, 0.1809360384941101], "sst2": [], "stsb": [], "wnli": []}}