{
    "ner": {
        "amh": {
            "amh_0": 0.8588703870773315,
            "amh_1": 0.7981591820716858,
            "amh_2": 0.838388979434967,
            "amh_3": 0.8519195318222046,
            "amh_4": 0.8202236890792847,
            "amh_5": 0.7462875843048096,
            "amh_6": 0.8498227000236511,
            "amh_7": 0.893237829208374,
            "amh_8": 0.8609825372695923,
            "amh_9": 0.8456376791000366
        },
        "conll_2003_en": {
            "conll_2003_en_0": 0.4938308596611023,
            "conll_2003_en_1": 0.49067091941833496,
            "conll_2003_en_2": 0.3182467222213745,
            "conll_2003_en_3": 0.20289012789726257,
            "conll_2003_en_4": 0.30473312735557556,
            "conll_2003_en_5": 0.51917964220047,
            "conll_2003_en_6": 0.9238423109054565,
            "conll_2003_en_7": 0.6404505968093872,
            "conll_2003_en_8": 0.7189406752586365,
            "conll_2003_en_9": 0.2356850802898407
        },
        "hau": {
            "hau_0": 0.4128216505050659,
            "hau_1": 0.5536249279975891,
            "hau_2": 0.47310951352119446,
            "hau_3": 0.3338156044483185,
            "hau_4": 0.2983521521091461,
            "hau_5": 0.3574087619781494,
            "hau_6": 0.3986903429031372,
            "hau_7": 0.3185659348964691,
            "hau_8": 0.3080326020717621,
            "hau_9": 0.3906082212924957
        },
        "ibo": {
            "ibo_0": 0.4080030918121338,
            "ibo_1": 0.38116273283958435,
            "ibo_2": 0.34462085366249084,
            "ibo_3": 0.6041384339332581,
            "ibo_4": 0.32537156343460083,
            "ibo_5": 0.3351895809173584,
            "ibo_6": 0.3871631622314453,
            "ibo_7": 0.4165510833263397,
            "ibo_8": 0.4293499290943146,
            "ibo_9": 0.38068878650665283
        },
        "kin": {
            "kin_0": 0.42264649271965027,
            "kin_1": 0.4183444678783417,
            "kin_2": 0.4429105520248413,
            "kin_3": 0.3029731810092926,
            "kin_4": 0.3515540063381195,
            "kin_5": 0.33685222268104553,
            "kin_6": 0.45135363936424255,
            "kin_7": 0.359007328748703,
            "kin_8": 0.3459945619106293,
            "kin_9": 0.4290896952152252
        },
        "lug": {
            "lug_0": 0.303472638130188,
            "lug_1": 0.3525368869304657,
            "lug_2": 0.3312269151210785,
            "lug_3": 0.3222739100456238,
            "lug_4": 0.2769047021865845,
            "lug_5": 0.34775668382644653,
            "lug_6": 0.3114806115627289,
            "lug_7": 0.32980483770370483,
            "lug_8": 0.33852043747901917,
            "lug_9": 0.3219195604324341
        },
        "luo": {
            "luo_0": 0.32414814829826355,
            "luo_1": 0.2508453130722046,
            "luo_2": 0.2695487439632416,
            "luo_3": 0.29570186138153076,
            "luo_4": 0.2966240644454956,
            "luo_5": 0.4292968511581421,
            "luo_6": 0.2545087933540344,
            "luo_7": 0.4772277772426605,
            "luo_8": 0.3781709671020508,
            "luo_9": 0.5999786853790283
        },
        "pcm": {
            "pcm_0": 0.4665546417236328,
            "pcm_1": 0.5402728915214539,
            "pcm_2": 0.36737656593322754,
            "pcm_3": 0.33425354957580566,
            "pcm_4": 0.33942511677742004,
            "pcm_5": 0.41208091378211975,
            "pcm_6": 0.32811033725738525,
            "pcm_7": 0.26188337802886963,
            "pcm_8": 0.36670398712158203,
            "pcm_9": 0.4019548296928406
        },
        "swa": {
            "swa_0": 0.3052968680858612,
            "swa_1": 0.37572890520095825,
            "swa_2": 0.45791807770729065,
            "swa_3": 0.33961278200149536,
            "swa_4": 0.3427584171295166,
            "swa_5": 0.40241387486457825,
            "swa_6": 0.4090923070907593,
            "swa_7": 0.39515382051467896,
            "swa_8": 0.33321425318717957,
            "swa_9": 0.45701393485069275
        },
        "wol": {
            "wol_0": 0.4137638509273529,
            "wol_1": 0.5665025115013123,
            "wol_2": 0.4162311255931854,
            "wol_3": 0.5912020802497864,
            "wol_4": 0.4429687559604645,
            "wol_5": 0.33769547939300537,
            "wol_6": 0.7519386410713196,
            "wol_7": 0.49026158452033997,
            "wol_8": 0.48114287853240967,
            "wol_9": 0.16800785064697266
        },
        "yor": {
            "yor_0": 0.448457270860672,
            "yor_1": 0.6125653386116028,
            "yor_2": 0.5960891246795654,
            "yor_3": 0.4035107493400574,
            "yor_4": 0.5614529252052307,
            "yor_5": 0.5283926129341125,
            "yor_6": 0.5019278526306152,
            "yor_7": 0.5550487041473389,
            "yor_8": 0.39475494623184204,
            "yor_9": 0.6562737822532654
        },
        "zh": {
            "zh_0": 0.9205992221832275,
            "zh_1": 0.8581469655036926,
            "zh_2": 0.8590054512023926,
            "zh_3": 0.7157962918281555,
            "zh_4": 0.9314068555831909,
            "zh_5": 0.8631190657615662,
            "zh_6": 0.8040530681610107,
            "zh_7": 0.7753958106040955,
            "zh_8": 0.8065899014472961,
            "zh_9": 0.8235294222831726
        }
    },
    "tydiqa": {
        "arabic": {
            "arabic-4449832350126320768-0": 0.8170969486236572,
            "arabic--3340323169760881569-0": 0.709574282169342,
            "arabic-4544770624843559444-1": 0.8072507381439209,
            "arabic-891952409566422966-0": 0.7948341369628906,
            "arabic-3659291834714572527-0": 0.8373557925224304,
            "arabic-9215226117011890166-0": 0.8106972575187683,
            "arabic-6300896128538259469-0": 0.8154420256614685,
            "arabic-2382507508588518905-0": 0.8039399981498718,
            "arabic-1871632801094859741-1": 0.7985612750053406,
            "arabic--7365809756232083807-0": 0.8158313632011414
        },
        "russian": {
            "russian-3457655197371763238-61": 0.4478086233139038,
            "russian--1914807805318993335-49": 0.43227511644363403,
            "russian--3307989180606173904-1": 0.44731956720352173,
            "russian--2219512001175315660-0": 0.4489040672779083,
            "russian--7076080992904718941-0": 0.4640749990940094,
            "russian--6565862953558739013-1": 0.4571743905544281,
            "russian--5098374684590548031-42": 0.5979750156402588,
            "russian-3573734219967447693-1": 0.42809122800827026,
            "russian--4521001374120505750-6": 0.42424941062927246,
            "russian--1308382244018658424-9": 0.46227458119392395
        },
        "bengali": {
            "bengali--1199493965132146131-3": 0.6887362003326416,
            "bengali-1807801556888134437-2": 0.6983264684677124,
            "bengali-2113189855114052041-2": 0.685555100440979,
            "bengali--2527914488250041207-0": 0.6920815110206604,
            "bengali--8260793280894408063-14": 0.7054219841957092,
            "bengali-8313009204852557186-4": 0.7194007635116577,
            "bengali--415964033364840061-0": 0.6790458559989929,
            "bengali--4696865548928858824-5": 0.6860792636871338,
            "bengali-6505224142472931712-1": 0.6876765489578247,
            "bengali-599666913917674019-13": 0.6495779156684875
        },
        "telugu": {
            "telugu--3977923017846260053-0": 0.7514209747314453,
            "telugu-2254198842560317781-0": 0.7316453456878662,
            "telugu-5435080895440121384-0": 0.7592890858650208,
            "telugu--1182505954974481191-2": 0.7554206252098083,
            "telugu-119276511844068401-0": 0.7715202569961548,
            "telugu--4111208545071789922-0": 0.7930047512054443,
            "telugu--5922002196428211484-132": 0.7402049899101257,
            "telugu--1817004721681155192-3": 0.7435351610183716,