{
    "ner": {
        "amh": {
            "amh_0": 0.8459311127662659,
            "amh_1": 0.8549011945724487,
            "amh_2": 0.8449561595916748,
            "amh_3": 0.8538053035736084,
            "amh_4": 0.8447192311286926,
            "amh_5": 0.8372554779052734,
            "amh_6": 0.8661743998527527,
            "amh_7": 0.8619812726974487,
            "amh_8": 0.8363078832626343,
            "amh_9": 0.8617129325866699
        },
        "conll_2003_en": {
            "conll_2003_en_0": 0.7122111320495605,
            "conll_2003_en_1": 0.770050048828125,
            "conll_2003_en_2": 0.5956873893737793,
            "conll_2003_en_3": 0.5633506178855896,
            "conll_2003_en_4": 0.7155685424804688,
            "conll_2003_en_5": 0.6759402751922607,
            "conll_2003_en_6": 1.0858252048492432,
            "conll_2003_en_7": 0.8441118001937866,
            "conll_2003_en_8": 0.8131237626075745,
            "conll_2003_en_9": 0.702422022819519
        },
        "hau": {
            "hau_0": 0.6136424541473389,
            "hau_1": 0.6717661023139954,
            "hau_2": 0.7703801989555359,
            "hau_3": 0.6284157633781433,
            "hau_4": 0.628191351890564,
            "hau_5": 0.7083417773246765,
            "hau_6": 0.6611922979354858,
            "hau_7": 0.6310874223709106,
            "hau_8": 0.6459664702415466,
            "hau_9": 0.6948677897453308
        },
        "ibo": {
            "ibo_0": 0.6686923503875732,
            "ibo_1": 0.5996039509773254,
            "ibo_2": 0.67827969789505,
            "ibo_3": 0.7216166853904724,
            "ibo_4": 0.6691844463348389,
            "ibo_5": 0.7656707763671875,
            "ibo_6": 0.7063799500465393,
            "ibo_7": 0.7357734441757202,
            "ibo_8": 0.7694737315177917,
            "ibo_9": 0.7089807987213135
        },
        "kin": {
            "kin_0": 0.6230220198631287,
            "kin_1": 0.7289222478866577,
            "kin_2": 0.6726077795028687,
            "kin_3": 0.6631831526756287,
            "kin_4": 0.7174131870269775,
            "kin_5": 0.6674513220787048,
            "kin_6": 0.6925874352455139,
            "kin_7": 0.6720651984214783,
            "kin_8": 0.7035704851150513,
            "kin_9": 0.6917858123779297
        },
        "lug": {
            "lug_0": 0.6217361688613892,
            "lug_1": 0.6856569647789001,
            "lug_2": 0.6171929240226746,
            "lug_3": 0.6726422309875488,
            "lug_4": 0.627588152885437,
            "lug_5": 0.6385812759399414,
            "lug_6": 0.6798335313796997,
            "lug_7": 0.757398784160614,
            "lug_8": 0.6301726698875427,
            "lug_9": 0.6224631667137146
        },
        "luo": {
            "luo_0": 0.6447721123695374,
            "luo_1": 0.7163297533988953,
            "luo_2": 0.5964944362640381,
            "luo_3": 0.6583750247955322,
            "luo_4": 0.672626793384552,
            "luo_5": 0.656046986579895,
            "luo_6": 0.6690806746482849,
            "luo_7": 0.6825030446052551,
            "luo_8": 0.6746612787246704,
            "luo_9": 0.7184924483299255
        },
        "pcm": {
            "pcm_0": 0.7235563397407532,
            "pcm_1": 0.8111668229103088,
            "pcm_2": 0.5794994235038757,
            "pcm_3": 0.6905282735824585,
            "pcm_4": 0.68923020362854,
            "pcm_5": 0.7731664180755615,
            "pcm_6": 0.7207172513008118,
            "pcm_7": 0.6897719502449036,
            "pcm_8": 0.7026412487030029,
            "pcm_9": 0.7309842705726624
        },
        "swa": {
            "swa_0": 0.5968807935714722,
            "swa_1": 0.6798275113105774,
            "swa_2": 0.7029708623886108,
            "swa_3": 0.6715953350067139,
            "swa_4": 0.686130702495575,
            "swa_5": 0.6634481549263,
            "swa_6": 0.6833574175834656,
            "swa_7": 0.7592779397964478,
            "swa_8": 0.6924675107002258,
            "swa_9": 0.7228279709815979
        },
        "wol": {
            "wol_0": 0.6940730214118958,
            "wol_1": 0.7079306244850159,
            "wol_2": 0.6022562384605408,
            "wol_3": 0.7978666424751282,
            "wol_4": 0.7498628497123718,
            "wol_5": 0.6675450205802917,
            "wol_6": 0.7295103669166565,
            "wol_7": 0.7471596002578735,
            "wol_8": 0.6804994344711304,
            "wol_9": 0.6433312296867371
        },
        "yor": {
            "yor_0": 0.7577628493309021,
            "yor_1": 0.779828667640686,
            "yor_2": 0.7552123069763184,
            "yor_3": 0.6616892218589783,
            "yor_4": 0.5793715119361877,
            "yor_5": 0.7329179644584656,
            "yor_6": 0.7053734064102173,
            "yor_7": 0.7597643136978149,
            "yor_8": 0.727092444896698,
            "yor_9": 0.7778522968292236
        },
        "zh": {
            "zh_0": 0.8903822898864746,
            "zh_1": 0.8454734086990356,
            "zh_2": 0.8468778133392334,
            "zh_3": 0.8393350839614868,
            "zh_4": 0.9065679311752319,
            "zh_5": 0.8615185022354126,
            "zh_6": 0.855360209941864,
            "zh_7": 0.8591156005859375,
            "zh_8": 0.8582279682159424,
            "zh_9": 0.8825197815895081
        }
    },
    "tydiqa": {
        "arabic": {
            "arabic-4449832350126320768-0": 0.8441928625106812,
            "arabic--3340323169760881569-0": 0.8117299675941467,
            "arabic-4544770624843559444-1": 0.8336966633796692,
            "arabic-891952409566422966-0": 0.8256059288978577,
            "arabic-3659291834714572527-0": 0.7961505055427551,
            "arabic-9215226117011890166-0": 0.8278716802597046,
            "arabic-6300896128538259469-0": 0.8373620510101318,
            "arabic-2382507508588518905-0": 0.8710340857505798,
            "arabic-1871632801094859741-1": 0.8747345209121704,
            "arabic--7365809756232083807-0": 0.8560811877250671
        },
        "russian": {
            "russian-3457655197371763238-61": 0.6489438414573669,
            "russian--1914807805318993335-49": 0.7002060413360596,
            "russian--3307989180606173904-1": 0.6855350732803345,
            "russian--2219512001175315660-0": 0.6693935990333557,
            "russian--7076080992904718941-0": 0.6572256684303284,
            "russian--6565862953558739013-1": 0.688113808631897,
            "russian--5098374684590548031-42": 0.681713879108429,
            "russian-3573734219967447693-1": 0.6287723779678345,
            "russian--4521001374120505750-6": 0.650644063949585,
            "russian--1308382244018658424-9": 0.6733639240264893
        },
        "bengali": {
            "bengali--1199493965132146131-3": 0.6985144019126892,
            "bengali-1807801556888134437-2": 0.6891151666641235,
            "bengali-2113189855114052041-2": 0.6914563179016113,
            "bengali--2527914488250041207-0": 0.7114323377609253,
            "bengali--8260793280894408063-14": 0.7142828106880188,
            "bengali-8313009204852557186-4": 0.6781487464904785,
            "bengali--415964033364840061-0": 0.7020920515060425,
            "bengali--4696865548928858824-5": 0.6883436441421509,
            "bengali-6505224142472931712-1": 0.6845777630805969,
            "bengali-599666913917674019-13": 0.6477993726730347
        },
        "telugu": {
            "telugu--3977923017846260053-0": 0.7796157598495483,
            "telugu-2254198842560317781-0": 0.7777259945869446,
            "telugu-5435080895440121384-0": 0.7810862064361572,
            "telugu--1182505954974481191-2": 0.7538353204727173,
            "telugu-119276511844068401-0": 0.7788407802581787,
            "telugu--4111208545071789922-0": 0.810777485370636,
            "telugu--5922002196428211484-132": 0.7596831321716309,
            "telugu--1817004721681155192-3": 0.7645925879478455,