{
    "ner": {
        "amh": {
            "amh_0": 0.877295732498169,
            "amh_1": 0.8478333950042725,
            "amh_2": 0.8709550499916077,
            "amh_3": 0.7841366529464722,
            "amh_4": 0.8182365298271179,
            "amh_5": 0.8595674633979797,
            "amh_6": 0.848160982131958,
            "amh_7": 0.8607710003852844,
            "amh_8": 0.8557544946670532,
            "amh_9": 0.8638675808906555
        },
        "conll_2003_en": {
            "conll_2003_en_0": 0.6602458357810974,
            "conll_2003_en_1": 0.6351239085197449,
            "conll_2003_en_2": 0.5358602404594421,
            "conll_2003_en_3": 0.5703359842300415,
            "conll_2003_en_4": 0.5382273197174072,
            "conll_2003_en_5": 0.729566216468811,
            "conll_2003_en_6": 1.0130867958068848,
            "conll_2003_en_7": 0.6327115893363953,
            "conll_2003_en_8": 0.7827881574630737,
            "conll_2003_en_9": 0.4756868779659271
        },
        "hau": {
            "hau_0": 0.6129855513572693,
            "hau_1": 0.6390781402587891,
            "hau_2": 0.7424508929252625,
            "hau_3": 0.5716868042945862,
            "hau_4": 0.5630388855934143,
            "hau_5": 0.6014540791511536,
            "hau_6": 0.6409668922424316,
            "hau_7": 0.6071845293045044,
            "hau_8": 0.577182948589325,
            "hau_9": 0.5400131940841675
        },
        "ibo": {
            "ibo_0": 0.6275440454483032,
            "ibo_1": 0.6682066321372986,
            "ibo_2": 0.6502017378807068,
            "ibo_3": 0.5925619006156921,
            "ibo_4": 0.6559674143791199,
            "ibo_5": 0.604142963886261,
            "ibo_6": 0.609627366065979,
            "ibo_7": 0.6356592178344727,
            "ibo_8": 0.4848884642124176,
            "ibo_9": 0.5664726495742798
        },
        "kin": {
            "kin_0": 0.647967517375946,
            "kin_1": 0.7617633938789368,
            "kin_2": 0.5984299182891846,
            "kin_3": 0.5979453325271606,
            "kin_4": 0.6311178803443909,
            "kin_5": 0.5324861407279968,
            "kin_6": 0.6549481749534607,
            "kin_7": 0.6193723678588867,
            "kin_8": 0.6702947020530701,
            "kin_9": 0.759570837020874
        },
        "lug": {
            "lug_0": 0.525240421295166,
            "lug_1": 0.6712373495101929,
            "lug_2": 0.533450186252594,
            "lug_3": 0.5938951373100281,
            "lug_4": 0.5478406548500061,
            "lug_5": 0.6696845293045044,
            "lug_6": 0.5901511907577515,
            "lug_7": 0.6539783477783203,
            "lug_8": 0.5711100101470947,
            "lug_9": 0.622097373008728
        },
        "luo": {
            "luo_0": 0.5557202100753784,
            "luo_1": 0.6514571905136108,
            "luo_2": 0.5804240703582764,
            "luo_3": 0.6726558208465576,
            "luo_4": 0.6729668974876404,
            "luo_5": 0.6205430030822754,
            "luo_6": 0.5985038876533508,
            "luo_7": 0.6941770911216736,
            "luo_8": 0.5935196280479431,
            "luo_9": 0.5896395444869995
        },
        "pcm": {
            "pcm_0": 0.609218955039978,
            "pcm_1": 0.6484439373016357,
            "pcm_2": 0.6350249648094177,
            "pcm_3": 0.6036173105239868,
            "pcm_4": 0.6111702919006348,
            "pcm_5": 0.5793118476867676,
            "pcm_6": 0.6366443037986755,
            "pcm_7": 0.6247087121009827,
            "pcm_8": 0.6898203492164612,
            "pcm_9": 0.6371749043464661
        },
        "swa": {
            "swa_0": 0.5545634627342224,
            "swa_1": 0.7180601358413696,
            "swa_2": 0.6243101358413696,
            "swa_3": 0.4980441927909851,
            "swa_4": 0.5843241214752197,
            "swa_5": 0.6159920692443848,
            "swa_6": 0.6649854183197021,
            "swa_7": 0.8021247386932373,
            "swa_8": 0.6430205702781677,
            "swa_9": 0.5694773197174072
        },
        "wol": {
            "wol_0": 0.6469178199768066,
            "wol_1": 0.6933112144470215,
            "wol_2": 0.5604663491249084,
            "wol_3": 0.770119309425354,
            "wol_4": 0.7261146306991577,
            "wol_5": 0.689738929271698,
            "wol_6": 0.7787843942642212,
            "wol_7": 0.6413407325744629,
            "wol_8": 0.7081230282783508,
            "wol_9": 0.4884292483329773
        },
        "yor": {
            "yor_0": 0.6941531300544739,
            "yor_1": 0.6686294674873352,
            "yor_2": 0.7666175961494446,
            "yor_3": 0.6491499543190002,
            "yor_4": 0.6731624603271484,
            "yor_5": 0.6297205090522766,
            "yor_6": 0.6114900708198547,
            "yor_7": 0.7132560014724731,
            "yor_8": 0.5797324180603027,
            "yor_9": 0.7648565769195557
        },
        "zh": {
            "zh_0": 0.8935188055038452,
            "zh_1": 0.8451666235923767,
            "zh_2": 0.8440682291984558,
            "zh_3": 0.8404281735420227,
            "zh_4": 0.9010740518569946,
            "zh_5": 0.8697220683097839,
            "zh_6": 0.8404216766357422,
            "zh_7": 0.776867151260376,
            "zh_8": 0.8622567653656006,
            "zh_9": 0.8800640106201172
        }
    },
    "tydiqa": {
        "arabic": {
            "arabic-4449832350126320768-0": 0.8034071922302246,
            "arabic--3340323169760881569-0": 0.8074585795402527,
            "arabic-4544770624843559444-1": 0.8131231665611267,
            "arabic-891952409566422966-0": 0.8035662174224854,
            "arabic-3659291834714572527-0": 0.8794702887535095,
            "arabic-9215226117011890166-0": 0.8172659873962402,
            "arabic-6300896128538259469-0": 0.8435365557670593,
            "arabic-2382507508588518905-0": 0.8660553097724915,
            "arabic-1871632801094859741-1": 0.8484588861465454,
            "arabic--7365809756232083807-0": 0.8213110566139221
        },
        "russian": {
            "russian-3457655197371763238-61": 0.5994622111320496,
            "russian--1914807805318993335-49": 0.642666220664978,
            "russian--3307989180606173904-1": 0.6257509589195251,
            "russian--2219512001175315660-0": 0.6072207689285278,
            "russian--7076080992904718941-0": 0.6295907497406006,
            "russian--6565862953558739013-1": 0.6303241848945618,
            "russian--5098374684590548031-42": 0.591062605381012,
            "russian-3573734219967447693-1": 0.6137557625770569,
            "russian--4521001374120505750-6": 0.6115943193435669,
            "russian--1308382244018658424-9": 0.6399630904197693
        },
        "bengali": {
            "bengali--1199493965132146131-3": 0.6895402669906616,
            "bengali-1807801556888134437-2": 0.6569199562072754,
            "bengali-2113189855114052041-2": 0.6862033009529114,
            "bengali--2527914488250041207-0": 0.6918964385986328,
            "bengali--8260793280894408063-14": 0.6993190050125122,
            "bengali-8313009204852557186-4": 0.6688345074653625,
            "bengali--415964033364840061-0": 0.7103685140609741,
            "bengali--4696865548928858824-5": 0.6920951008796692,
            "bengali-6505224142472931712-1": 0.6973418593406677,
            "bengali-599666913917674019-13": 0.6897209286689758
        },
        "telugu": {
            "telugu--3977923017846260053-0": 0.7540408968925476,
            "telugu-2254198842560317781-0": 0.7600383758544922,
            "telugu-5435080895440121384-0": 0.7782576084136963,
            "telugu--1182505954974481191-2": 0.7692939043045044,
            "telugu-119276511844068401-0": 0.7874142527580261,
            "telugu--4111208545071789922-0": 0.7762355208396912,
            "telugu--5922002196428211484-132": 0.7410687804222107,
            "telugu--1817004721681155192-3": 0.7666693925857544,