{
    "epoch": 5.13,
    "eval_exact_match": 39.058499113649795,
    "eval_f1": 55.89059300455577,
    "eval_samples": 5624
}