{
    "ner": {
        "amh": {
            "amh_0": 0.16180524230003357,
            "amh_1": 0.1410500705242157,
            "amh_2": 0.1703762263059616,
            "amh_3": 0.14665932953357697,
            "amh_4": 0.154590904712677,
            "amh_5": 0.18434493243694305,
            "amh_6": 0.14228637516498566,
            "amh_7": 0.16716699302196503,
            "amh_8": 0.1534067988395691,
            "amh_9": 0.14304602146148682
        },
        "conll_2003_en": {
            "conll_2003_en_0": 0.1439027339220047,
            "conll_2003_en_1": 0.06321097165346146,
            "conll_2003_en_2": 0.039445340633392334,
            "conll_2003_en_3": 0.039505485445261,
            "conll_2003_en_4": 0.05819091200828552,
            "conll_2003_en_5": 0.15682491660118103,
            "conll_2003_en_6": 0.18735790252685547,
            "conll_2003_en_7": 0.17208820581436157,
            "conll_2003_en_8": 0.16027617454528809,
            "conll_2003_en_9": 0.031544171273708344
        },
        "hau": {
            "hau_0": 0.035512953996658325,
            "hau_1": 0.041155606508255005,
            "hau_2": 0.1499711126089096,
            "hau_3": 0.016631411388516426,
            "hau_4": 0.03979761525988579,
            "hau_5": 0.027923159301280975,
            "hau_6": 0.04550109803676605,
            "hau_7": 0.03888547793030739,
            "hau_8": 0.027086898684501648,
            "hau_9": 0.04406127706170082
        },
        "ibo": {
            "ibo_0": 0.040589239448308945,
            "ibo_1": 0.0417301319539547,
            "ibo_2": 0.03794707730412483,
            "ibo_3": 0.05561952292919159,
            "ibo_4": 0.042081307619810104,
            "ibo_5": 0.03942139446735382,
            "ibo_6": 0.043079327791929245,
            "ibo_7": 0.0413602776825428,
            "ibo_8": 0.03637899085879326,
            "ibo_9": 0.034969765692949295
        },
        "kin": {
            "kin_0": 0.04487524554133415,
            "kin_1": 0.05525806546211243,
            "kin_2": 0.03700030967593193,
            "kin_3": 0.04119570180773735,
            "kin_4": 0.036772266030311584,
            "kin_5": 0.04410669207572937,
            "kin_6": 0.029919423162937164,
            "kin_7": 0.04286262392997742,
            "kin_8": 0.03122659958899021,
            "kin_9": 0.03588177636265755
        },
        "lug": {
            "lug_0": 0.03432292118668556,
            "lug_1": 0.03903726860880852,
            "lug_2": 0.016531439498066902,
            "lug_3": 0.03012605756521225,
            "lug_4": 0.038525089621543884,
            "lug_5": 0.041917428374290466,
            "lug_6": 0.03945184126496315,
            "lug_7": 0.041767094284296036,
            "lug_8": 0.04707656428217888,
            "lug_9": 0.041352592408657074
        },
        "luo": {
            "luo_0": 0.02968471683561802,
            "luo_1": 0.04888265207409859,
            "luo_2": 0.03862658515572548,
            "luo_3": 0.030096329748630524,
            "luo_4": 0.043487995862960815,
            "luo_5": 0.03669576719403267,
            "luo_6": 0.03369392827153206,
            "luo_7": 0.04271463677287102,
            "luo_8": 0.04263859987258911,
            "luo_9": 0.06148592755198479
        },
        "pcm": {
            "pcm_0": 0.03834012150764465,
            "pcm_1": 0.043749481439590454,
            "pcm_2": 0.04125647619366646,
            "pcm_3": 0.03654194995760918,
            "pcm_4": 0.04796731099486351,
            "pcm_5": 0.04854502156376839,
            "pcm_6": 0.0376591719686985,
            "pcm_7": 0.03946215659379959,
            "pcm_8": 0.036205559968948364,
            "pcm_9": 0.03833150863647461
        },
        "swa": {
            "swa_0": 0.03290300443768501,
            "swa_1": 0.039008766412734985,
            "swa_2": 0.036276914179325104,
            "swa_3": 0.04157349839806557,
            "swa_4": 0.024155713617801666,
            "swa_5": 0.028542784973978996,
            "swa_6": 0.03551178798079491,
            "swa_7": 0.04931715503334999,
            "swa_8": 0.04207737371325493,
            "swa_9": 0.043894339352846146
        },
        "wol": {
            "wol_0": 0.03534221276640892,
            "wol_1": 0.03709131106734276,
            "wol_2": 0.04004831984639168,
            "wol_3": 0.07083936780691147,
            "wol_4": 0.03143574669957161,
            "wol_5": 0.03594570979475975,
            "wol_6": 0.16131548583507538,
            "wol_7": 0.0428151898086071,
            "wol_8": 0.04285835847258568,
            "wol_9": 0.04341663420200348
        },
        "yor": {
            "yor_0": 0.14078544080257416,
            "yor_1": 0.13051223754882812,
            "yor_2": 0.043256890028715134,
            "yor_3": 0.03236987814307213,
            "yor_4": 0.1318749338388443,
            "yor_5": 0.09289459139108658,
            "yor_6": 0.04309198632836342,
            "yor_7": 0.14151035249233246,
            "yor_8": 0.04088876023888588,
            "yor_9": 0.13939060270786285
        },
        "zh": {
            "zh_0": 0.1630820333957672,
            "zh_1": 0.1177959144115448,
            "zh_2": 0.12592051923274994,
            "zh_3": 0.1580308973789215,
            "zh_4": 0.15245066583156586,
            "zh_5": 0.16925491392612457,
            "zh_6": 0.13724100589752197,
            "zh_7": 0.14284701645374298,
            "zh_8": 0.15612030029296875,
            "zh_9": 0.14131338894367218
        }
    },
    "tydiqa": {
        "arabic": {
            "arabic-4449832350126320768-0": 0.10253835469484329,
            "arabic--3340323169760881569-0": 0.04523349925875664,
            "arabic-4544770624843559444-1": 0.03425678238272667,
            "arabic-891952409566422966-0": 0.04050472751259804,
            "arabic-3659291834714572527-0": 0.1290590912103653,
            "arabic-9215226117011890166-0": 0.04228116199374199,
            "arabic-6300896128538259469-0": 0.047629088163375854,
            "arabic-2382507508588518905-0": 0.0358319915831089,
            "arabic-1871632801094859741-1": 0.03710225597023964,
            "arabic--7365809756232083807-0": 0.04383206367492676
        },
        "russian": {
            "russian-3457655197371763238-61": 0.020627230405807495,
            "russian--1914807805318993335-49": 0.04131491854786873,
            "russian--3307989180606173904-1": 0.018747257068753242,
            "russian--2219512001175315660-0": 0.022110365331172943,
            "russian--7076080992904718941-0": 0.022270062938332558,
            "russian--6565862953558739013-1": 0.02277299016714096,
            "russian--5098374684590548031-42": 0.03927764669060707,
            "russian-3573734219967447693-1": 0.024958262220025063,
            "russian--4521001374120505750-6": 0.04585465416312218,
            "russian--1308382244018658424-9": 0.02122587151825428
        },
        "bengali": {
            "bengali--1199493965132146131-3": 0.0959489569067955,
            "bengali-1807801556888134437-2": 0.09070730209350586,
            "bengali-2113189855114052041-2": 0.09285711497068405,
            "bengali--2527914488250041207-0": 0.09954121708869934,
            "bengali--8260793280894408063-14": 0.10657110065221786,
            "bengali-8313009204852557186-4": 0.09598371386528015,
            "bengali--415964033364840061-0": 0.09263011813163757,
            "bengali--4696865548928858824-5": 0.08973927050828934,
            "bengali-6505224142472931712-1": 0.09381286054849625,
            "bengali-599666913917674019-13": 0.1348804086446762
        },
        "telugu": {
            "telugu--3977923017846260053-0": 0.05160371586680412,
            "telugu-2254198842560317781-0": 0.03381290286779404,
            "telugu-5435080895440121384-0": 0.03954930230975151,
            "telugu--1182505954974481191-2": 0.05632726475596428,
            "telugu-119276511844068401-0": 0.039641186594963074,