{
    "ner": {
        "amh": {
            "amh_0": 0.15797890722751617,
            "amh_1": 0.1390744298696518,
            "amh_2": 0.14716412127017975,
            "amh_3": 0.14465665817260742,
            "amh_4": 0.13447493314743042,
            "amh_5": 0.1688624769449234,
            "amh_6": 0.14280857145786285,
            "amh_7": 0.15613816678524017,
            "amh_8": 0.15026284754276276,
            "amh_9": 0.14401143789291382
        },
        "conll_2003_en": {
            "conll_2003_en_0": 0.1517540067434311,
            "conll_2003_en_1": 0.05730820074677467,
            "conll_2003_en_2": 0.036322299391031265,
            "conll_2003_en_3": 0.030748361721634865,
            "conll_2003_en_4": 0.04121408611536026,
            "conll_2003_en_5": 0.15291434526443481,
            "conll_2003_en_6": 0.15889205038547516,
            "conll_2003_en_7": 0.16421009600162506,
            "conll_2003_en_8": 0.16030685603618622,
            "conll_2003_en_9": 0.03750191628932953
        },
        "hau": {
            "hau_0": 0.027168212458491325,
            "hau_1": 0.04252351447939873,
            "hau_2": 0.14122724533081055,
            "hau_3": 0.016344444826245308,
            "hau_4": 0.032795459032058716,
            "hau_5": 0.02842603623867035,
            "hau_6": 0.03922730311751366,
            "hau_7": 0.03626799210906029,
            "hau_8": 0.03091404028236866,
            "hau_9": 0.04307897761464119
        },
        "ibo": {
            "ibo_0": 0.0428883396089077,
            "ibo_1": 0.04872044920921326,
            "ibo_2": 0.0406620167195797,
            "ibo_3": 0.045100610703229904,
            "ibo_4": 0.04319269582629204,
            "ibo_5": 0.030904794111847878,
            "ibo_6": 0.032030247151851654,
            "ibo_7": 0.042346108704805374,
            "ibo_8": 0.04867549240589142,
            "ibo_9": 0.03887362778186798
        },
        "kin": {
            "kin_0": 0.04063687101006508,
            "kin_1": 0.03930247202515602,
            "kin_2": 0.057754579931497574,
            "kin_3": 0.04038005694746971,
            "kin_4": 0.03369859606027603,
            "kin_5": 0.041702643036842346,
            "kin_6": 0.027357056736946106,
            "kin_7": 0.03549923002719879,
            "kin_8": 0.03330541029572487,
            "kin_9": 0.04034590348601341
        },
        "lug": {
            "lug_0": 0.035710856318473816,
            "lug_1": 0.04228563979268074,
            "lug_2": 0.01711210422217846,
            "lug_3": 0.02747037447988987,
            "lug_4": 0.04523659124970436,
            "lug_5": 0.03631618991494179,
            "lug_6": 0.03577011451125145,
            "lug_7": 0.03862602636218071,
            "lug_8": 0.0375918447971344,
            "lug_9": 0.041940923780202866
        },
        "luo": {
            "luo_0": 0.02475927211344242,
            "luo_1": 0.036682549864053726,
            "luo_2": 0.0373302586376667,
            "luo_3": 0.028067901730537415,
            "luo_4": 0.04189024865627289,
            "luo_5": 0.03827257081866264,
            "luo_6": 0.03383776918053627,
            "luo_7": 0.041192520409822464,
            "luo_8": 0.04132362827658653,
            "luo_9": 0.06410496681928635
        },
        "pcm": {
            "pcm_0": 0.036767732352018356,
            "pcm_1": 0.048471491783857346,
            "pcm_2": 0.04303911700844765,
            "pcm_3": 0.03767687827348709,
            "pcm_4": 0.040784236043691635,
            "pcm_5": 0.049548353999853134,
            "pcm_6": 0.03576194867491722,
            "pcm_7": 0.04014730453491211,
            "pcm_8": 0.034566838294267654,
            "pcm_9": 0.033597443252801895
        },
        "swa": {
            "swa_0": 0.04133989289402962,
            "swa_1": 0.04535044729709625,
            "swa_2": 0.03721478208899498,
            "swa_3": 0.03203323483467102,
            "swa_4": 0.023818418383598328,
            "swa_5": 0.026398099958896637,
            "swa_6": 0.030249936506152153,
            "swa_7": 0.043553996831178665,
            "swa_8": 0.036906350404024124,
            "swa_9": 0.03915022686123848
        },
        "wol": {
            "wol_0": 0.03435371443629265,
            "wol_1": 0.039138372987508774,
            "wol_2": 0.03827294334769249,
            "wol_3": 0.05478599667549133,
            "wol_4": 0.04073205962777138,
            "wol_5": 0.043211281299591064,
            "wol_6": 0.14894123375415802,
            "wol_7": 0.03699813038110733,
            "wol_8": 0.045098673552274704,
            "wol_9": 0.04587138816714287
        },
        "yor": {
            "yor_0": 0.13057217001914978,
            "yor_1": 0.12830685079097748,
            "yor_2": 0.039640747010707855,
            "yor_3": 0.03666113317012787,
            "yor_4": 0.13508687913417816,
            "yor_5": 0.09515485912561417,
            "yor_6": 0.04085848852992058,
            "yor_7": 0.12465124577283859,
            "yor_8": 0.038619447499513626,
            "yor_9": 0.14073006808757782
        },
        "zh": {
            "zh_0": 0.08943593502044678,
            "zh_1": 0.11706027388572693,
            "zh_2": 0.12939298152923584,
            "zh_3": 0.15521931648254395,
            "zh_4": 0.17250889539718628,
            "zh_5": 0.1639874130487442,
            "zh_6": 0.1344575136899948,
            "zh_7": 0.12696729600429535,
            "zh_8": 0.1346534639596939,
            "zh_9": 0.1362542062997818
        }
    },
    "tydiqa": {
        "arabic": {
            "arabic-4449832350126320768-0": 0.055337052792310715,
            "arabic--3340323169760881569-0": 0.04213551804423332,
            "arabic-4544770624843559444-1": 0.03457314893603325,
            "arabic-891952409566422966-0": 0.03740255534648895,
            "arabic-3659291834714572527-0": 0.11700624972581863,
            "arabic-9215226117011890166-0": 0.03589215874671936,
            "arabic-6300896128538259469-0": 0.04941020533442497,
            "arabic-2382507508588518905-0": 0.03909503296017647,
            "arabic-1871632801094859741-1": 0.03879508376121521,
            "arabic--7365809756232083807-0": 0.03690784052014351
        },
        "russian": {
            "russian-3457655197371763238-61": 0.02182926796376705,
            "russian--1914807805318993335-49": 0.04865679144859314,
            "russian--3307989180606173904-1": 0.020381761714816093,
            "russian--2219512001175315660-0": 0.022016063332557678,
            "russian--7076080992904718941-0": 0.020328523591160774,
            "russian--6565862953558739013-1": 0.02216469682753086,
            "russian--5098374684590548031-42": 0.03970484808087349,
            "russian-3573734219967447693-1": 0.022236784920096397,
            "russian--4521001374120505750-6": 0.04063001647591591,
            "russian--1308382244018658424-9": 0.020298713818192482
        },
        "bengali": {
            "bengali--1199493965132146131-3": 0.09107527881860733,
            "bengali-1807801556888134437-2": 0.08721873909235,
            "bengali-2113189855114052041-2": 0.0956198051571846,
            "bengali--2527914488250041207-0": 0.09744911640882492,
            "bengali--8260793280894408063-14": 0.11031436175107956,
            "bengali-8313009204852557186-4": 0.09503302723169327,
            "bengali--415964033364840061-0": 0.09308433532714844,
            "bengali--4696865548928858824-5": 0.09029514342546463,
            "bengali-6505224142472931712-1": 0.09042707085609436,
            "bengali-599666913917674019-13": 0.12944498658180237
        },
        "telugu": {
            "telugu--3977923017846260053-0": 0.03727194294333458,
            "telugu-2254198842560317781-0": 0.0399993434548378,
            "telugu-5435080895440121384-0": 0.033303871750831604,
            "telugu--1182505954974481191-2": 0.04115641117095947,
            "telugu-119276511844068401-0": 0.032131604850292206,