{
    "ner": {
        "amh": {
            "amh_0": 0.09148601442575455,
            "amh_1": 0.09604841470718384,
            "amh_2": 0.09750201553106308,
            "amh_3": 0.11348538845777512,
            "amh_4": 0.11158373206853867,
            "amh_5": 0.08346069604158401,
            "amh_6": 0.10060443729162216,
            "amh_7": 0.10089844465255737,
            "amh_8": 0.06514768302440643,
            "amh_9": 0.11495539546012878
        },
        "conll_2003_en": {
            "conll_2003_en_0": 0.1486692875623703,
            "conll_2003_en_1": 0.03392266854643822,
            "conll_2003_en_2": 0.04824279248714447,
            "conll_2003_en_3": 0.051916707307100296,
            "conll_2003_en_4": 0.04546302184462547,
            "conll_2003_en_5": 0.13307563960552216,
            "conll_2003_en_6": 0.08805666118860245,
            "conll_2003_en_7": 0.09760769456624985,
            "conll_2003_en_8": 0.12441184371709824,
            "conll_2003_en_9": 0.04368382319808006
        },
        "hau": {
            "hau_0": 0.041908275336027145,
            "hau_1": 0.04831526055932045,
            "hau_2": 0.09338220208883286,
            "hau_3": 0.050323519855737686,
            "hau_4": 0.044857244938611984,
            "hau_5": 0.04267621412873268,
            "hau_6": 0.050156548619270325,
            "hau_7": 0.041951101273298264,
            "hau_8": 0.048487793654203415,
            "hau_9": 0.04815952852368355
        },
        "ibo": {
            "ibo_0": 0.0447203703224659,
            "ibo_1": 0.04480667784810066,
            "ibo_2": 0.05065445601940155,
            "ibo_3": 0.03797761723399162,
            "ibo_4": 0.049858611077070236,
            "ibo_5": 0.04164643585681915,
            "ibo_6": 0.04322552680969238,
            "ibo_7": 0.04636000469326973,
            "ibo_8": 0.05341922864317894,
            "ibo_9": 0.047039974480867386
        },
        "kin": {
            "kin_0": 0.05627754330635071,
            "kin_1": 0.04689594730734825,
            "kin_2": 0.047053080052137375,
            "kin_3": 0.04584595188498497,
            "kin_4": 0.044229015707969666,
            "kin_5": 0.03859858959913254,
            "kin_6": 0.04773275554180145,
            "kin_7": 0.05301538482308388,
            "kin_8": 0.04881634935736656,
            "kin_9": 0.053674329072237015
        },
        "lug": {
            "lug_0": 0.04665384069085121,
            "lug_1": 0.04654686525464058,
            "lug_2": 0.05996868014335632,
            "lug_3": 0.04874882102012634,
            "lug_4": 0.04968187212944031,
            "lug_5": 0.05208874121308327,
            "lug_6": 0.0482395738363266,
            "lug_7": 0.04331256076693535,
            "lug_8": 0.05141055956482887,
            "lug_9": 0.04750581458210945
        },
        "luo": {
            "luo_0": 0.04431002959609032,
            "luo_1": 0.050718873739242554,
            "luo_2": 0.052629876881837845,
            "luo_3": 0.050578732043504715,
            "luo_4": 0.04703284427523613,
            "luo_5": 0.04781876504421234,
            "luo_6": 0.053192514926195145,
            "luo_7": 0.05227310582995415,
            "luo_8": 0.044474512338638306,
            "luo_9": 0.04301661625504494
        },
        "pcm": {
            "pcm_0": 0.03903795778751373,
            "pcm_1": 0.05048178508877754,
            "pcm_2": 0.04310397431254387,
            "pcm_3": 0.05079035833477974,
            "pcm_4": 0.057339731603860855,
            "pcm_5": 0.04453006014227867,
            "pcm_6": 0.04780595004558563,
            "pcm_7": 0.05574795603752136,
            "pcm_8": 0.05047856643795967,
            "pcm_9": 0.04650059714913368
        },
        "swa": {
            "swa_0": 0.039737213402986526,
            "swa_1": 0.0480228029191494,
            "swa_2": 0.04850126430392265,
            "swa_3": 0.048018842935562134,
            "swa_4": 0.04505951702594757,
            "swa_5": 0.037353187799453735,
            "swa_6": 0.04544399678707123,
            "swa_7": 0.0441899299621582,
            "swa_8": 0.04531316086649895,
            "swa_9": 0.03787750378251076
        },
        "wol": {
            "wol_0": 0.04508360102772713,
            "wol_1": 0.050539348274469376,
            "wol_2": 0.04492494463920593,
            "wol_3": 0.061300504952669144,
            "wol_4": 0.04394678398966789,
            "wol_5": 0.04192502796649933,
            "wol_6": 0.11790379881858826,
            "wol_7": 0.050082359462976456,
            "wol_8": 0.04978664591908455,
            "wol_9": 0.055493492633104324
        },
        "yor": {
            "yor_0": 0.12533344328403473,
            "yor_1": 0.09924692660570145,
            "yor_2": 0.045153599232435226,
            "yor_3": 0.044247325509786606,
            "yor_4": 0.11286070197820663,
            "yor_5": 0.08303192257881165,
            "yor_6": 0.040922582149505615,
            "yor_7": 0.11360815912485123,
            "yor_8": 0.04865727946162224,
            "yor_9": 0.1272801160812378
        },
        "zh": {
            "zh_0": 0.07941823452711105,
            "zh_1": 0.06667303293943405,
            "zh_2": 0.10589905828237534,
            "zh_3": 0.1449359953403473,
            "zh_4": 0.08526179939508438,
            "zh_5": 0.11477289348840714,
            "zh_6": 0.05250837281346321,
            "zh_7": 0.1220184937119484,
            "zh_8": 0.11267060041427612,
            "zh_9": 0.08065815269947052
        }
    },
    "tydiqa": {
        "arabic": {
            "arabic-4449832350126320768-0": 0.05541422963142395,
            "arabic--3340323169760881569-0": 0.04558327794075012,
            "arabic-4544770624843559444-1": 0.045615214854478836,
            "arabic-891952409566422966-0": 0.04129597172141075,
            "arabic-3659291834714572527-0": 0.07978824526071548,
            "arabic-9215226117011890166-0": 0.04589162394404411,
            "arabic-6300896128538259469-0": 0.04185357689857483,
            "arabic-2382507508588518905-0": 0.03942414000630379,
            "arabic-1871632801094859741-1": 0.03888090327382088,
            "arabic--7365809756232083807-0": 0.042395588010549545
        },
        "russian": {
            "russian-3457655197371763238-61": 0.0478774756193161,
            "russian--1914807805318993335-49": 0.04636014625430107,
            "russian--3307989180606173904-1": 0.04098736122250557,
            "russian--2219512001175315660-0": 0.03466499224305153,
            "russian--7076080992904718941-0": 0.047783974558115005,
            "russian--6565862953558739013-1": 0.04292109236121178,
            "russian--5098374684590548031-42": 0.047597914934158325,
            "russian-3573734219967447693-1": 0.043692246079444885,
            "russian--4521001374120505750-6": 0.05213293805718422,
            "russian--1308382244018658424-9": 0.04261346161365509
        },
        "bengali": {
            "bengali--1199493965132146131-3": 0.044884201139211655,
            "bengali-1807801556888134437-2": 0.05254269763827324,
            "bengali-2113189855114052041-2": 0.03706015646457672,
            "bengali--2527914488250041207-0": 0.06309368461370468,
            "bengali--8260793280894408063-14": 0.043621208518743515,
            "bengali-8313009204852557186-4": 0.054771844297647476,
            "bengali--415964033364840061-0": 0.03982062637805939,
            "bengali--4696865548928858824-5": 0.04809880629181862,
            "bengali-6505224142472931712-1": 0.04590629041194916,
            "bengali-599666913917674019-13": 0.09191470593214035
        },
        "telugu": {
            "telugu--3977923017846260053-0": 0.03622919321060181,
            "telugu-2254198842560317781-0": 0.03611522167921066,
            "telugu-5435080895440121384-0": 0.03275683894753456,
            "telugu--1182505954974481191-2": 0.036564331501722336,
            "telugu-119276511844068401-0": 0.03566436097025871,