{
    "ner": {
        "amh": {
            "amh_0": 0.14895476400852203,
            "amh_1": 0.13648858666419983,
            "amh_2": 0.13557666540145874,
            "amh_3": 0.13943146169185638,
            "amh_4": 0.13044272363185883,
            "amh_5": 0.154078871011734,
            "amh_6": 0.1523294597864151,
            "amh_7": 0.13685835897922516,
            "amh_8": 0.14460669457912445,
            "amh_9": 0.14270655810832977
        },
        "conll_2003_en": {
            "conll_2003_en_0": 0.1468648463487625,
            "conll_2003_en_1": 0.04932504519820213,
            "conll_2003_en_2": 0.037367600947618484,
            "conll_2003_en_3": 0.0384928360581398,
            "conll_2003_en_4": 0.038276307284832,
            "conll_2003_en_5": 0.14946618676185608,
            "conll_2003_en_6": 0.1792268306016922,
            "conll_2003_en_7": 0.16318129003047943,
            "conll_2003_en_8": 0.1589665561914444,
            "conll_2003_en_9": 0.04078176990151405
        },
        "hau": {
            "hau_0": 0.027637658640742302,
            "hau_1": 0.03683026134967804,
            "hau_2": 0.15167033672332764,
            "hau_3": 0.016141163185238838,
            "hau_4": 0.03398961201310158,
            "hau_5": 0.0267350897192955,
            "hau_6": 0.03660382702946663,
            "hau_7": 0.03607868775725365,
            "hau_8": 0.025863023474812508,
            "hau_9": 0.03678714111447334
        },
        "ibo": {
            "ibo_0": 0.03918137028813362,
            "ibo_1": 0.03873182460665703,
            "ibo_2": 0.039530809968709946,
            "ibo_3": 0.0550929419696331,
            "ibo_4": 0.03590548411011696,
            "ibo_5": 0.04401721432805061,
            "ibo_6": 0.03518752381205559,
            "ibo_7": 0.035954833030700684,
            "ibo_8": 0.03798508271574974,
            "ibo_9": 0.03863547369837761
        },
        "kin": {
            "kin_0": 0.03687470778822899,
            "kin_1": 0.03200554847717285,
            "kin_2": 0.043079864233732224,
            "kin_3": 0.034240107983350754,
            "kin_4": 0.034472640603780746,
            "kin_5": 0.039482828229665756,
            "kin_6": 0.026334015652537346,
            "kin_7": 0.0330226868391037,
            "kin_8": 0.04188842698931694,
            "kin_9": 0.03480881080031395
        },
        "lug": {
            "lug_0": 0.03324124589562416,
            "lug_1": 0.039064716547727585,
            "lug_2": 0.016636405140161514,
            "lug_3": 0.0260469913482666,
            "lug_4": 0.042863160371780396,
            "lug_5": 0.03672409802675247,
            "lug_6": 0.033597059547901154,
            "lug_7": 0.037548962980508804,
            "lug_8": 0.03682044520974159,
            "lug_9": 0.032607149332761765
        },
        "luo": {
            "luo_0": 0.023586483672261238,
            "luo_1": 0.04268307611346245,
            "luo_2": 0.03328435495495796,
            "luo_3": 0.024957122281193733,
            "luo_4": 0.03091047704219818,
            "luo_5": 0.03347015380859375,
            "luo_6": 0.032319076359272,
            "luo_7": 0.04691324010491371,
            "luo_8": 0.03369010612368584,
            "luo_9": 0.04144035279750824
        },
        "pcm": {
            "pcm_0": 0.033990729600191116,
            "pcm_1": 0.0378224141895771,
            "pcm_2": 0.03540321812033653,
            "pcm_3": 0.036265578120946884,
            "pcm_4": 0.0337911956012249,
            "pcm_5": 0.04557524621486664,
            "pcm_6": 0.03956545516848564,
            "pcm_7": 0.03782789781689644,
            "pcm_8": 0.034986212849617004,
            "pcm_9": 0.032463189214468
        },
        "swa": {
            "swa_0": 0.03511583432555199,
            "swa_1": 0.04342164471745491,
            "swa_2": 0.032992172986269,
            "swa_3": 0.03980619087815285,
            "swa_4": 0.023766813799738884,
            "swa_5": 0.0230337455868721,
            "swa_6": 0.028298048302531242,
            "swa_7": 0.05711376667022705,
            "swa_8": 0.031007342040538788,
            "swa_9": 0.035244885832071304
        },
        "wol": {
            "wol_0": 0.0342860147356987,
            "wol_1": 0.038071971386671066,
            "wol_2": 0.031278446316719055,
            "wol_3": 0.06640375405550003,
            "wol_4": 0.027455581352114677,
            "wol_5": 0.03717435523867607,
            "wol_6": 0.14887112379074097,
            "wol_7": 0.03668231889605522,
            "wol_8": 0.03724448382854462,
            "wol_9": 0.04540218040347099
        },
        "yor": {
            "yor_0": 0.13026215136051178,
            "yor_1": 0.11890942603349686,
            "yor_2": 0.04314880445599556,
            "yor_3": 0.029748087748885155,
            "yor_4": 0.1256091147661209,
            "yor_5": 0.09884712845087051,
            "yor_6": 0.0316554456949234,
            "yor_7": 0.13096679747104645,
            "yor_8": 0.035532012581825256,
            "yor_9": 0.1264527589082718
        },
        "zh": {
            "zh_0": 0.13201887905597687,
            "zh_1": 0.11248192936182022,
            "zh_2": 0.1225641742348671,
            "zh_3": 0.14707458019256592,
            "zh_4": 0.17118652164936066,
            "zh_5": 0.1717197746038437,
            "zh_6": 0.11866778880357742,
            "zh_7": 0.15731360018253326,
            "zh_8": 0.13444966077804565,
            "zh_9": 0.13353459537029266
        }
    },
    "tydiqa": {
        "arabic": {
            "arabic-4449832350126320768-0": 0.07482724636793137,
            "arabic--3340323169760881569-0": 0.04181697592139244,
            "arabic-4544770624843559444-1": 0.037580620497465134,
            "arabic-891952409566422966-0": 0.03612557426095009,
            "arabic-3659291834714572527-0": 0.1174035295844078,
            "arabic-9215226117011890166-0": 0.0352599173784256,
            "arabic-6300896128538259469-0": 0.04473763704299927,
            "arabic-2382507508588518905-0": 0.03513258323073387,
            "arabic-1871632801094859741-1": 0.032837722450494766,
            "arabic--7365809756232083807-0": 0.039663445204496384
        },
        "russian": {
            "russian-3457655197371763238-61": 0.01891254633665085,
            "russian--1914807805318993335-49": 0.04202648997306824,
            "russian--3307989180606173904-1": 0.019841130822896957,
            "russian--2219512001175315660-0": 0.022377649322152138,
            "russian--7076080992904718941-0": 0.021123265847563744,
            "russian--6565862953558739013-1": 0.019795702770352364,
            "russian--5098374684590548031-42": 0.038672033697366714,
            "russian-3573734219967447693-1": 0.019843289628624916,
            "russian--4521001374120505750-6": 0.041516054421663284,
            "russian--1308382244018658424-9": 0.022176742553710938
        },
        "bengali": {
            "bengali--1199493965132146131-3": 0.09155044704675674,
            "bengali-1807801556888134437-2": 0.08769183605909348,
            "bengali-2113189855114052041-2": 0.08783155679702759,
            "bengali--2527914488250041207-0": 0.09554964303970337,
            "bengali--8260793280894408063-14": 0.09032618254423141,
            "bengali-8313009204852557186-4": 0.09046866744756699,
            "bengali--415964033364840061-0": 0.0886940285563469,
            "bengali--4696865548928858824-5": 0.09030324220657349,
            "bengali-6505224142472931712-1": 0.09620904922485352,
            "bengali-599666913917674019-13": 0.1280800849199295
        },
        "telugu": {
            "telugu--3977923017846260053-0": 0.06682293862104416,
            "telugu-2254198842560317781-0": 0.037535659968853,
            "telugu-5435080895440121384-0": 0.03012634627521038,
            "telugu--1182505954974481191-2": 0.0638945996761322,
            "telugu-119276511844068401-0": 0.029380260035395622,
            "telugu--4111208545071789922-0": 0.03323335573077202,