{
    "ner": {
        "amh": {
            "amh_0": 0.08089577406644821,
            "amh_1": 0.11183186620473862,
            "amh_2": 0.10954321175813675,
            "amh_3": 0.12759585678577423,
            "amh_4": 0.13014037907123566,
            "amh_5": 0.10267684608697891,
            "amh_6": 0.10025384277105331,
            "amh_7": 0.1156868040561676,
            "amh_8": 0.06435186415910721,
            "amh_9": 0.12788493931293488
        },
        "conll_2003_en": {
            "conll_2003_en_0": 0.1581905335187912,
            "conll_2003_en_1": 0.0374908484518528,
            "conll_2003_en_2": 0.03867707401514053,
            "conll_2003_en_3": 0.049168024212121964,
            "conll_2003_en_4": 0.04772272706031799,
            "conll_2003_en_5": 0.1453036665916443,
            "conll_2003_en_6": 0.11799657344818115,
            "conll_2003_en_7": 0.1126566156744957,
            "conll_2003_en_8": 0.1396767497062683,
            "conll_2003_en_9": 0.041915107518434525
        },
        "hau": {
            "hau_0": 0.03720330819487572,
            "hau_1": 0.044633667916059494,
            "hau_2": 0.1228150725364685,
            "hau_3": 0.03573393449187279,
            "hau_4": 0.0376417376101017,
            "hau_5": 0.02586282789707184,
            "hau_6": 0.048275578767061234,
            "hau_7": 0.03450477123260498,
            "hau_8": 0.04410099983215332,
            "hau_9": 0.043835412710905075
        },
        "ibo": {
            "ibo_0": 0.03760022670030594,
            "ibo_1": 0.03873322531580925,
            "ibo_2": 0.045138414949178696,
            "ibo_3": 0.039624642580747604,
            "ibo_4": 0.04668261110782623,
            "ibo_5": 0.03894038870930672,
            "ibo_6": 0.04105882719159126,
            "ibo_7": 0.043953556567430496,
            "ibo_8": 0.05307634547352791,
            "ibo_9": 0.03894520178437233
        },
        "kin": {
            "kin_0": 0.05854250118136406,
            "kin_1": 0.042676955461502075,
            "kin_2": 0.04500415921211243,
            "kin_3": 0.03707406297326088,
            "kin_4": 0.04102840647101402,
            "kin_5": 0.0343274362385273,
            "kin_6": 0.04553087055683136,
            "kin_7": 0.04968247935175896,
            "kin_8": 0.04313535615801811,
            "kin_9": 0.05009022355079651
        },
        "lug": {
            "lug_0": 0.037276264280080795,
            "lug_1": 0.04041512683033943,
            "lug_2": 0.0520581416785717,
            "lug_3": 0.04448624327778816,
            "lug_4": 0.04748636484146118,
            "lug_5": 0.0510379821062088,
            "lug_6": 0.04170997813344002,
            "lug_7": 0.0386115200817585,
            "lug_8": 0.0385211817920208,
            "lug_9": 0.03904677554965019
        },
        "luo": {
            "luo_0": 0.03662310168147087,
            "luo_1": 0.048437267541885376,
            "luo_2": 0.04191879555583,
            "luo_3": 0.04081021994352341,
            "luo_4": 0.041324492543935776,
            "luo_5": 0.04324133321642876,
            "luo_6": 0.051842112094163895,
            "luo_7": 0.0513162799179554,
            "luo_8": 0.03793681040406227,
            "luo_9": 0.04813946411013603
        },
        "pcm": {
            "pcm_0": 0.036540351808071136,
            "pcm_1": 0.050099920481443405,
            "pcm_2": 0.03922256827354431,
            "pcm_3": 0.049594487994909286,
            "pcm_4": 0.0521555095911026,
            "pcm_5": 0.0443350225687027,
            "pcm_6": 0.040980298072099686,
            "pcm_7": 0.057324785739183426,
            "pcm_8": 0.04515811800956726,
            "pcm_9": 0.04300958290696144
        },
        "swa": {
            "swa_0": 0.029354939237236977,
            "swa_1": 0.04605461657047272,
            "swa_2": 0.041440751403570175,
            "swa_3": 0.04568813741207123,
            "swa_4": 0.046649906784296036,
            "swa_5": 0.027431903406977654,
            "swa_6": 0.03490268439054489,
            "swa_7": 0.04835617169737816,
            "swa_8": 0.042358871549367905,
            "swa_9": 0.03243398293852806
        },
        "wol": {
            "wol_0": 0.03944554179906845,
            "wol_1": 0.042459722608327866,
            "wol_2": 0.04224097356200218,
            "wol_3": 0.06467781215906143,
            "wol_4": 0.04268333315849304,
            "wol_5": 0.03456644341349602,
            "wol_6": 0.13516350090503693,
            "wol_7": 0.043787527829408646,
            "wol_8": 0.05000479891896248,
            "wol_9": 0.049300506711006165
        },
        "yor": {
            "yor_0": 0.12932325899600983,
            "yor_1": 0.11329100281000137,
            "yor_2": 0.039232250303030014,
            "yor_3": 0.03691328316926956,
            "yor_4": 0.13159872591495514,
            "yor_5": 0.09230244904756546,
            "yor_6": 0.03234400227665901,
            "yor_7": 0.11348827928304672,
            "yor_8": 0.041752684861421585,
            "yor_9": 0.13226868212223053
        },
        "zh": {
            "zh_0": 0.09027750045061111,
            "zh_1": 0.07724976539611816,
            "zh_2": 0.11761436611413956,
            "zh_3": 0.15245626866817474,
            "zh_4": 0.08907271176576614,
            "zh_5": 0.1312360018491745,
            "zh_6": 0.044461533427238464,
            "zh_7": 0.12876419723033905,
            "zh_8": 0.12312927097082138,
            "zh_9": 0.09494223445653915
        }
    },
    "tydiqa": {
        "arabic": {
            "arabic-4449832350126320768-0": 0.05526076629757881,
            "arabic--3340323169760881569-0": 0.04345495626330376,
            "arabic-4544770624843559444-1": 0.0465317964553833,
            "arabic-891952409566422966-0": 0.03963913023471832,
            "arabic-3659291834714572527-0": 0.08035372942686081,
            "arabic-9215226117011890166-0": 0.04777619615197182,
            "arabic-6300896128538259469-0": 0.04113568365573883,
            "arabic-2382507508588518905-0": 0.03752700239419937,
            "arabic-1871632801094859741-1": 0.04129188880324364,
            "arabic--7365809756232083807-0": 0.04122034087777138
        },
        "russian": {
            "russian-3457655197371763238-61": 0.048288311809301376,
            "russian--1914807805318993335-49": 0.04192708060145378,
            "russian--3307989180606173904-1": 0.036489635705947876,
            "russian--2219512001175315660-0": 0.03131847828626633,
            "russian--7076080992904718941-0": 0.04358179494738579,
            "russian--6565862953558739013-1": 0.03740539774298668,
            "russian--5098374684590548031-42": 0.039798442274332047,
            "russian-3573734219967447693-1": 0.04440167173743248,
            "russian--4521001374120505750-6": 0.04637714847922325,
            "russian--1308382244018658424-9": 0.041536156088113785
        },
        "bengali": {
            "bengali--1199493965132146131-3": 0.058076292276382446,
            "bengali-1807801556888134437-2": 0.06263093650341034,
            "bengali-2113189855114052041-2": 0.04569096863269806,
            "bengali--2527914488250041207-0": 0.08461757749319077,
            "bengali--8260793280894408063-14": 0.053856924176216125,
            "bengali-8313009204852557186-4": 0.07073304802179337,
            "bengali--415964033364840061-0": 0.05291194096207619,
            "bengali--4696865548928858824-5": 0.06168416514992714,
            "bengali-6505224142472931712-1": 0.06284237653017044,
            "bengali-599666913917674019-13": 0.10308787971735
        },
        "telugu": {
            "telugu--3977923017846260053-0": 0.03970320522785187,
            "telugu-2254198842560317781-0": 0.03854895755648613,
            "telugu-5435080895440121384-0": 0.031993065029382706,
            "telugu--1182505954974481191-2": 0.031090324744582176,
            "telugu-119276511844068401-0": 0.03689301759004593,