{
    "ner": {
        "amh": {
            "amh_0": 0.13991056382656097,
            "amh_1": 0.1304222047328949,
            "amh_2": 0.08716949820518494,
            "amh_3": 0.1355457752943039,
            "amh_4": 0.14410316944122314,
            "amh_5": 0.13845549523830414,
            "amh_6": 0.13269969820976257,
            "amh_7": 0.14162090420722961,
            "amh_8": 0.13670116662979126,
            "amh_9": 0.1384475827217102
        },
        "conll_2003_en": {
            "conll_2003_en_0": 0.16249333322048187,
            "conll_2003_en_1": 0.04513018950819969,
            "conll_2003_en_2": 0.03132238611578941,
            "conll_2003_en_3": 0.03955047205090523,
            "conll_2003_en_4": 0.042685654014348984,
            "conll_2003_en_5": 0.14356723427772522,
            "conll_2003_en_6": 0.1404622197151184,
            "conll_2003_en_7": 0.16074737906455994,
            "conll_2003_en_8": 0.15352830290794373,
            "conll_2003_en_9": 0.0366845540702343
        },
        "hau": {
            "hau_0": 0.025123706087470055,
            "hau_1": 0.03906060755252838,
            "hau_2": 0.15200349688529968,
            "hau_3": 0.015704452991485596,
            "hau_4": 0.025027954950928688,
            "hau_5": 0.022718369960784912,
            "hau_6": 0.034765250980854034,
            "hau_7": 0.026213062927126884,
            "hau_8": 0.022221580147743225,
            "hau_9": 0.03303602710366249
        },
        "ibo": {
            "ibo_0": 0.032943304628133774,
            "ibo_1": 0.036596205085515976,
            "ibo_2": 0.029548728838562965,
            "ibo_3": 0.04008102789521217,
            "ibo_4": 0.0363379530608654,
            "ibo_5": 0.03578534349799156,
            "ibo_6": 0.03062276542186737,
            "ibo_7": 0.030605526641011238,
            "ibo_8": 0.03251507505774498,
            "ibo_9": 0.0291821900755167
        },
        "kin": {
            "kin_0": 0.03221097216010094,
            "kin_1": 0.030982444062829018,
            "kin_2": 0.03908838704228401,
            "kin_3": 0.029142310842871666,
            "kin_4": 0.02898239530622959,
            "kin_5": 0.02877686358988285,
            "kin_6": 0.022456778213381767,
            "kin_7": 0.023296058177947998,
            "kin_8": 0.024694466963410378,
            "kin_9": 0.026915952563285828
        },
        "lug": {
            "lug_0": 0.022922048345208168,
            "lug_1": 0.028375566005706787,
            "lug_2": 0.018248258158564568,
            "lug_3": 0.021489910781383514,
            "lug_4": 0.034381166100502014,
            "lug_5": 0.03313746675848961,
            "lug_6": 0.028136441484093666,
            "lug_7": 0.03070901893079281,
            "lug_8": 0.03632200136780739,
            "lug_9": 0.033407073467969894
        },
        "luo": {
            "luo_0": 0.02358543872833252,
            "luo_1": 0.0342240035533905,
            "luo_2": 0.03250114992260933,
            "luo_3": 0.019837673753499985,
            "luo_4": 0.030891479924321175,
            "luo_5": 0.02619250863790512,
            "luo_6": 0.03005809523165226,
            "luo_7": 0.04364561662077904,
            "luo_8": 0.032852653414011,
            "luo_9": 0.046553224325180054
        },
        "pcm": {
            "pcm_0": 0.032178886234760284,
            "pcm_1": 0.04377994313836098,
            "pcm_2": 0.030093541368842125,
            "pcm_3": 0.029885491356253624,
            "pcm_4": 0.034861404448747635,
            "pcm_5": 0.04639551416039467,
            "pcm_6": 0.03266752138733864,
            "pcm_7": 0.03295143321156502,
            "pcm_8": 0.027922211214900017,
            "pcm_9": 0.03450460359454155
        },
        "swa": {
            "swa_0": 0.02961074374616146,
            "swa_1": 0.034047383815050125,
            "swa_2": 0.03275046870112419,
            "swa_3": 0.031797751784324646,
            "swa_4": 0.019130123779177666,
            "swa_5": 0.021603921428322792,
            "swa_6": 0.02456548996269703,
            "swa_7": 0.0455155186355114,
            "swa_8": 0.03391294181346893,
            "swa_9": 0.029716739431023598
        },
        "wol": {
            "wol_0": 0.028932221233844757,
            "wol_1": 0.03692101314663887,
            "wol_2": 0.035262223333120346,
            "wol_3": 0.05996175482869148,
            "wol_4": 0.03132763132452965,
            "wol_5": 0.030599521473050117,
            "wol_6": 0.1387772560119629,
            "wol_7": 0.034390490502119064,
            "wol_8": 0.0422639399766922,
            "wol_9": 0.030226200819015503
        },
        "yor": {
            "yor_0": 0.12889181077480316,
            "yor_1": 0.12666864693164825,
            "yor_2": 0.03654323145747185,
            "yor_3": 0.025658493861556053,
            "yor_4": 0.11892161518335342,
            "yor_5": 0.08686476200819016,
            "yor_6": 0.028920307755470276,
            "yor_7": 0.11996806412935257,
            "yor_8": 0.029100773856043816,
            "yor_9": 0.11338469386100769
        },
        "zh": {
            "zh_0": 0.14305688440799713,
            "zh_1": 0.09738585352897644,
            "zh_2": 0.12132909893989563,
            "zh_3": 0.14694161713123322,
            "zh_4": 0.13890396058559418,
            "zh_5": 0.1036636233329773,
            "zh_6": 0.1078798696398735,
            "zh_7": 0.12803223729133606,
            "zh_8": 0.12369831651449203,
            "zh_9": 0.11837705224752426
        }
    },
    "tydiqa": {
        "arabic": {
            "arabic-4449832350126320768-0": 0.04577866569161415,
            "arabic--3340323169760881569-0": 0.03570421040058136,
            "arabic-4544770624843559444-1": 0.035150930285453796,
            "arabic-891952409566422966-0": 0.03638255596160889,
            "arabic-3659291834714572527-0": 0.10321372747421265,
            "arabic-9215226117011890166-0": 0.037358444184064865,
            "arabic-6300896128538259469-0": 0.035979896783828735,
            "arabic-2382507508588518905-0": 0.038170043379068375,
            "arabic-1871632801094859741-1": 0.031309571117162704,
            "arabic--7365809756232083807-0": 0.03217505291104317
        },
        "russian": {
            "russian-3457655197371763238-61": 0.01890055648982525,
            "russian--1914807805318993335-49": 0.03180288150906563,
            "russian--3307989180606173904-1": 0.01784195564687252,
            "russian--2219512001175315660-0": 0.02261742390692234,
            "russian--7076080992904718941-0": 0.01958289183676243,
            "russian--6565862953558739013-1": 0.022236300632357597,
            "russian--5098374684590548031-42": 0.03438938036561012,
            "russian-3573734219967447693-1": 0.021117711439728737,
            "russian--4521001374120505750-6": 0.037594858556985855,
            "russian--1308382244018658424-9": 0.021916301921010017
        },
        "bengali": {
            "bengali--1199493965132146131-3": 0.07941381633281708,
            "bengali-1807801556888134437-2": 0.07763556391000748,
            "bengali-2113189855114052041-2": 0.08467862755060196,
            "bengali--2527914488250041207-0": 0.08411697298288345,
            "bengali--8260793280894408063-14": 0.0968523696064949,
            "bengali-8313009204852557186-4": 0.0820005014538765,
            "bengali--415964033364840061-0": 0.0817914679646492,
            "bengali--4696865548928858824-5": 0.08161170035600662,
            "bengali-6505224142472931712-1": 0.07912704348564148,
            "bengali-599666913917674019-13": 0.10668343305587769
        },
        "telugu": {
            "telugu--3977923017846260053-0": 0.06000295653939247,
            "telugu-2254198842560317781-0": 0.03463289514183998,
            "telugu-5435080895440121384-0": 0.03543538972735405,
            "telugu--1182505954974481191-2": 0.035957518965005875,
            "telugu-119276511844068401-0": 0.028976192697882652,