{
    "ner": {
        "amh": {
            "amh_0": 0.16254977881908417,
            "amh_1": 0.14082686603069305,
            "amh_2": 0.15886490046977997,
            "amh_3": 0.15204650163650513,
            "amh_4": 0.16134865581989288,
            "amh_5": 0.17929743230342865,
            "amh_6": 0.14951853454113007,
            "amh_7": 0.1681535243988037,
            "amh_8": 0.16192825138568878,
            "amh_9": 0.1593482345342636
        },
        "conll_2003_en": {
            "conll_2003_en_0": 0.15618357062339783,
            "conll_2003_en_1": 0.04775857552886009,
            "conll_2003_en_2": 0.04609702527523041,
            "conll_2003_en_3": 0.04665127769112587,
            "conll_2003_en_4": 0.06321700662374496,
            "conll_2003_en_5": 0.1606784164905548,
            "conll_2003_en_6": 0.12908922135829926,
            "conll_2003_en_7": 0.1703179031610489,
            "conll_2003_en_8": 0.1752316951751709,
            "conll_2003_en_9": 0.04129466414451599
        },
        "hau": {
            "hau_0": 0.03720424696803093,
            "hau_1": 0.0399930365383625,
            "hau_2": 0.1678178757429123,
            "hau_3": 0.01974044181406498,
            "hau_4": 0.04281749203801155,
            "hau_5": 0.036328110843896866,
            "hau_6": 0.05267524719238281,
            "hau_7": 0.042533114552497864,
            "hau_8": 0.03172915056347847,
            "hau_9": 0.053156014531850815
        },
        "ibo": {
            "ibo_0": 0.049688417464494705,
            "ibo_1": 0.04703294858336449,
            "ibo_2": 0.04146488383412361,
            "ibo_3": 0.05017593875527382,
            "ibo_4": 0.05246217921376228,
            "ibo_5": 0.04442783072590828,
            "ibo_6": 0.052052583545446396,
            "ibo_7": 0.042672887444496155,
            "ibo_8": 0.043320972472429276,
            "ibo_9": 0.05029270425438881
        },
        "kin": {
            "kin_0": 0.04781493917107582,
            "kin_1": 0.055662889033555984,
            "kin_2": 0.036931026726961136,
            "kin_3": 0.05178403854370117,
            "kin_4": 0.048631321638822556,
            "kin_5": 0.044194936752319336,
            "kin_6": 0.030561847612261772,
            "kin_7": 0.046046480536460876,
            "kin_8": 0.04940427467226982,
            "kin_9": 0.04394061863422394
        },
        "lug": {
            "lug_0": 0.04080014303326607,
            "lug_1": 0.04966356232762337,
            "lug_2": 0.018500952050089836,
            "lug_3": 0.03423507139086723,
            "lug_4": 0.03470730409026146,
            "lug_5": 0.045328471809625626,
            "lug_6": 0.0449911393225193,
            "lug_7": 0.05363984778523445,
            "lug_8": 0.06608549505472183,
            "lug_9": 0.04815930500626564
        },
        "luo": {
            "luo_0": 0.02967127226293087,
            "luo_1": 0.041164331138134,
            "luo_2": 0.04585351049900055,
            "luo_3": 0.03118150122463703,
            "luo_4": 0.04369072988629341,
            "luo_5": 0.04927356168627739,
            "luo_6": 0.04611317440867424,
            "luo_7": 0.048138100653886795,
            "luo_8": 0.04855726286768913,
            "luo_9": 0.04492040351033211
        },
        "pcm": {
            "pcm_0": 0.04037003591656685,
            "pcm_1": 0.040484022349119186,
            "pcm_2": 0.05046268180012703,
            "pcm_3": 0.04623076692223549,
            "pcm_4": 0.048013463616371155,
            "pcm_5": 0.035707756876945496,
            "pcm_6": 0.04342344403266907,
            "pcm_7": 0.04537798464298248,
            "pcm_8": 0.04204452037811279,
            "pcm_9": 0.04030827805399895
        },
        "swa": {
            "swa_0": 0.04790448769927025,
            "swa_1": 0.04778386652469635,
            "swa_2": 0.04483959078788757,
            "swa_3": 0.05107763037085533,
            "swa_4": 0.033551931381225586,
            "swa_5": 0.035035885870456696,
            "swa_6": 0.03478009253740311,
            "swa_7": 0.055833667516708374,
            "swa_8": 0.038903553038835526,
            "swa_9": 0.05324866250157356
        },
        "wol": {
            "wol_0": 0.04356104135513306,
            "wol_1": 0.04864092543721199,
            "wol_2": 0.04588590934872627,
            "wol_3": 0.07609837502241135,
            "wol_4": 0.05312485620379448,
            "wol_5": 0.04980701580643654,
            "wol_6": 0.15645234286785126,
            "wol_7": 0.038785774260759354,
            "wol_8": 0.0317130945622921,
            "wol_9": 0.04655562713742256
        },
        "yor": {
            "yor_0": 0.14453426003456116,
            "yor_1": 0.140716552734375,
            "yor_2": 0.058651477098464966,
            "yor_3": 0.041371554136276245,
            "yor_4": 0.1502864807844162,
            "yor_5": 0.10965654999017715,
            "yor_6": 0.04272416606545448,
            "yor_7": 0.13553546369075775,
            "yor_8": 0.0464799739420414,
            "yor_9": 0.14008007943630219
        },
        "zh": {
            "zh_0": 0.1679769903421402,
            "zh_1": 0.13060502707958221,
            "zh_2": 0.14000679552555084,
            "zh_3": 0.16156835854053497,
            "zh_4": 0.17609524726867676,
            "zh_5": 0.17165546119213104,
            "zh_6": 0.14094270765781403,
            "zh_7": 0.1401243358850479,
            "zh_8": 0.1563318967819214,
            "zh_9": 0.15322110056877136
        }
    },
    "tydiqa": {
        "arabic": {
            "arabic-4449832350126320768-0": 0.10474175214767456,
            "arabic--3340323169760881569-0": 0.04744299128651619,
            "arabic-4544770624843559444-1": 0.04360020533204079,
            "arabic-891952409566422966-0": 0.04211513325572014,
            "arabic-3659291834714572527-0": 0.13034097850322723,
            "arabic-9215226117011890166-0": 0.04327106475830078,
            "arabic-6300896128538259469-0": 0.055261850357055664,
            "arabic-2382507508588518905-0": 0.040790241211652756,
            "arabic-1871632801094859741-1": 0.03794746845960617,
            "arabic--7365809756232083807-0": 0.04007291421294212
        },
        "russian": {
            "russian-3457655197371763238-61": 0.020543618127703667,
            "russian--1914807805318993335-49": 0.05050867423415184,
            "russian--3307989180606173904-1": 0.019977761432528496,
            "russian--2219512001175315660-0": 0.020609401166439056,
            "russian--7076080992904718941-0": 0.02084929682314396,
            "russian--6565862953558739013-1": 0.02145068347454071,
            "russian--5098374684590548031-42": 0.052004482597112656,
            "russian-3573734219967447693-1": 0.021751901134848595,
            "russian--4521001374120505750-6": 0.05386878922581673,
            "russian--1308382244018658424-9": 0.022377008572220802
        },
        "bengali": {
            "bengali--1199493965132146131-3": 0.09258376806974411,
            "bengali-1807801556888134437-2": 0.08783897757530212,
            "bengali-2113189855114052041-2": 0.09402614086866379,
            "bengali--2527914488250041207-0": 0.09404060244560242,
            "bengali--8260793280894408063-14": 0.10135804861783981,
            "bengali-8313009204852557186-4": 0.09547365456819534,
            "bengali--415964033364840061-0": 0.08795566111803055,
            "bengali--4696865548928858824-5": 0.09402430802583694,
            "bengali-6505224142472931712-1": 0.09443216770887375,
            "bengali-599666913917674019-13": 0.13506945967674255
        },
        "telugu": {
            "telugu--3977923017846260053-0": 0.048506930470466614,
            "telugu-2254198842560317781-0": 0.03751249983906746,
            "telugu-5435080895440121384-0": 0.034773752093315125,
            "telugu--1182505954974481191-2": 0.05859845504164696,
            "telugu-119276511844068401-0": 0.040821779519319534,