{
    "ner": {
        "amh": {
            "amh_0": 0.0799119621515274,
            "amh_1": 0.10796644538640976,
            "amh_2": 0.12122237682342529,
            "amh_3": 0.12599457800388336,
            "amh_4": 0.11884377151727676,
            "amh_5": 0.13510353863239288,
            "amh_6": 0.1318458765745163,
            "amh_7": 0.12966839969158173,
            "amh_8": 0.11138450354337692,
            "amh_9": 0.11378861218690872
        },
        "conll_2003_en": {
            "conll_2003_en_0": 0.14300893247127533,
            "conll_2003_en_1": 0.06377743929624557,
            "conll_2003_en_2": 0.027643123641610146,
            "conll_2003_en_3": 0.038348741829395294,
            "conll_2003_en_4": 0.05375673249363899,
            "conll_2003_en_5": 0.13601313531398773,
            "conll_2003_en_6": 0.122132308781147,
            "conll_2003_en_7": 0.14160756766796112,
            "conll_2003_en_8": 0.13374707102775574,
            "conll_2003_en_9": 0.03315339237451553
        },
        "hau": {
            "hau_0": 0.021873846650123596,
            "hau_1": 0.04037005826830864,
            "hau_2": 0.14414571225643158,
            "hau_3": 0.023096740245819092,
            "hau_4": 0.023155445232987404,
            "hau_5": 0.02219722978770733,
            "hau_6": 0.03236513212323189,
            "hau_7": 0.023617245256900787,
            "hau_8": 0.021544577553868294,
            "hau_9": 0.031039884313941002
        },
        "ibo": {
            "ibo_0": 0.03282955661416054,
            "ibo_1": 0.051568806171417236,
            "ibo_2": 0.031911592930555344,
            "ibo_3": 0.039556834846735,
            "ibo_4": 0.03304843604564667,
            "ibo_5": 0.02675618790090084,
            "ibo_6": 0.028813710436224937,
            "ibo_7": 0.025863289833068848,
            "ibo_8": 0.03683732450008392,
            "ibo_9": 0.025479277595877647
        },
        "kin": {
            "kin_0": 0.024949118494987488,
            "kin_1": 0.0333612821996212,
            "kin_2": 0.03638177737593651,
            "kin_3": 0.02655993215739727,
            "kin_4": 0.02669629454612732,
            "kin_5": 0.03721396625041962,
            "kin_6": 0.019751179963350296,
            "kin_7": 0.026762589812278748,
            "kin_8": 0.028092950582504272,
            "kin_9": 0.022681646049022675
        },
        "lug": {
            "lug_0": 0.02484641782939434,
            "lug_1": 0.02866673283278942,
            "lug_2": 0.01724058948457241,
            "lug_3": 0.019789090380072594,
            "lug_4": 0.03169019892811775,
            "lug_5": 0.024116287007927895,
            "lug_6": 0.022425903007388115,
            "lug_7": 0.02575686387717724,
            "lug_8": 0.03681711107492447,
            "lug_9": 0.02876836620271206
        },
        "luo": {
            "luo_0": 0.020432600751519203,
            "luo_1": 0.031761545687913895,
            "luo_2": 0.027631105855107307,
            "luo_3": 0.01795073039829731,
            "luo_4": 0.030418552458286285,
            "luo_5": 0.026558637619018555,
            "luo_6": 0.021356739103794098,
            "luo_7": 0.04589661583304405,
            "luo_8": 0.03756233677268028,
            "luo_9": 0.047013938426971436
        },
        "pcm": {
            "pcm_0": 0.03012041188776493,
            "pcm_1": 0.03239775076508522,
            "pcm_2": 0.0278239194303751,
            "pcm_3": 0.02707619220018387,
            "pcm_4": 0.02873772569000721,
            "pcm_5": 0.04562986269593239,
            "pcm_6": 0.029905932024121284,
            "pcm_7": 0.028790300711989403,
            "pcm_8": 0.030348151922225952,
            "pcm_9": 0.03215539827942848
        },
        "swa": {
            "swa_0": 0.025247326120734215,
            "swa_1": 0.035273369401693344,
            "swa_2": 0.02689284086227417,
            "swa_3": 0.0341678149998188,
            "swa_4": 0.01908901147544384,
            "swa_5": 0.017945220693945885,
            "swa_6": 0.02362828515470028,
            "swa_7": 0.0390375480055809,
            "swa_8": 0.02332216687500477,
            "swa_9": 0.03995630145072937
        },
        "wol": {
            "wol_0": 0.025968125090003014,
            "wol_1": 0.02812768518924713,
            "wol_2": 0.029500829055905342,
            "wol_3": 0.05404342710971832,
            "wol_4": 0.030166367068886757,
            "wol_5": 0.03182664141058922,
            "wol_6": 0.12184125185012817,
            "wol_7": 0.028505362570285797,
            "wol_8": 0.040420930832624435,
            "wol_9": 0.04213322699069977
        },
        "yor": {
            "yor_0": 0.1148691400885582,
            "yor_1": 0.11786264181137085,
            "yor_2": 0.031127428635954857,
            "yor_3": 0.024241164326667786,
            "yor_4": 0.12558306753635406,
            "yor_5": 0.07732990384101868,
            "yor_6": 0.02776460535824299,
            "yor_7": 0.11933455616235733,
            "yor_8": 0.024205615743994713,
            "yor_9": 0.12705114483833313
        },
        "zh": {
            "zh_0": 0.09765227884054184,
            "zh_1": 0.08889772742986679,
            "zh_2": 0.11478129029273987,
            "zh_3": 0.14907191693782806,
            "zh_4": 0.09769292920827866,
            "zh_5": 0.15693213045597076,
            "zh_6": 0.08904007077217102,
            "zh_7": 0.12846264243125916,
            "zh_8": 0.11467784643173218,
            "zh_9": 0.09625036269426346
        }
    },
    "tydiqa": {
        "arabic": {
            "arabic-4449832350126320768-0": 0.043340567499399185,
            "arabic--3340323169760881569-0": 0.031887754797935486,
            "arabic-4544770624843559444-1": 0.030321739614009857,
            "arabic-891952409566422966-0": 0.038613155484199524,
            "arabic-3659291834714572527-0": 0.055217891931533813,
            "arabic-9215226117011890166-0": 0.028775518760085106,
            "arabic-6300896128538259469-0": 0.043701767921447754,
            "arabic-2382507508588518905-0": 0.03310457244515419,
            "arabic-1871632801094859741-1": 0.030274705961346626,
            "arabic--7365809756232083807-0": 0.03445979580283165
        },
        "russian": {
            "russian-3457655197371763238-61": 0.023470714688301086,
            "russian--1914807805318993335-49": 0.032015178352594376,
            "russian--3307989180606173904-1": 0.018474692478775978,
            "russian--2219512001175315660-0": 0.021100357174873352,
            "russian--7076080992904718941-0": 0.021079614758491516,
            "russian--6565862953558739013-1": 0.020617125555872917,
            "russian--5098374684590548031-42": 0.04028933122754097,
            "russian-3573734219967447693-1": 0.02860863506793976,
            "russian--4521001374120505750-6": 0.029870837926864624,
            "russian--1308382244018658424-9": 0.02190352976322174
        },
        "bengali": {
            "bengali--1199493965132146131-3": 0.06969815492630005,
            "bengali-1807801556888134437-2": 0.06681550294160843,
            "bengali-2113189855114052041-2": 0.055254653096199036,
            "bengali--2527914488250041207-0": 0.07289310544729233,
            "bengali--8260793280894408063-14": 0.04096752777695656,
            "bengali-8313009204852557186-4": 0.06868350505828857,
            "bengali--415964033364840061-0": 0.07809760421514511,
            "bengali--4696865548928858824-5": 0.0644037202000618,
            "bengali-6505224142472931712-1": 0.06488301604986191,
            "bengali-599666913917674019-13": 0.09684144705533981
        },
        "telugu": {
            "telugu--3977923017846260053-0": 0.027404332533478737,
            "telugu-2254198842560317781-0": 0.02761744149029255,
            "telugu-5435080895440121384-0": 0.022181041538715363,
            "telugu--1182505954974481191-2": 0.030901657417416573,
            "telugu-119276511844068401-0": 0.02508961223065853,