{
    "ner": {
        "amh": {
            "amh_0": 0.06416615098714828,
            "amh_1": 0.0573517270386219,
            "amh_2": 0.0589149184525013,
            "amh_3": 0.07494007796049118,
            "amh_4": 0.06184835359454155,
            "amh_5": 0.051554471254348755,
            "amh_6": 0.062489885836839676,
            "amh_7": 0.0559193380177021,
            "amh_8": 0.05907637998461723,
            "amh_9": 0.06150830164551735
        },
        "conll_2003_en": {
            "conll_2003_en_0": 0.09192550182342529,
            "conll_2003_en_1": 0.02195391058921814,
            "conll_2003_en_2": 0.02561260759830475,
            "conll_2003_en_3": 0.034585077315568924,
            "conll_2003_en_4": 0.028269285336136818,
            "conll_2003_en_5": 0.06620769202709198,
            "conll_2003_en_6": 0.041259076446294785,
            "conll_2003_en_7": 0.03660806640982628,
            "conll_2003_en_8": 0.058890651911497116,
            "conll_2003_en_9": 0.027177974581718445
        },
        "hau": {
            "hau_0": 0.022172240540385246,
            "hau_1": 0.035925496369600296,
            "hau_2": 0.044119153171777725,
            "hau_3": 0.01981143094599247,
            "hau_4": 0.02387365885078907,
            "hau_5": 0.022157130762934685,
            "hau_6": 0.027407927438616753,
            "hau_7": 0.02158723957836628,
            "hau_8": 0.02152695320546627,
            "hau_9": 0.028856834396719933
        },
        "ibo": {
            "ibo_0": 0.03055661730468273,
            "ibo_1": 0.030085088685154915,
            "ibo_2": 0.03287490829825401,
            "ibo_3": 0.02397833578288555,
            "ibo_4": 0.03281484916806221,
            "ibo_5": 0.029400810599327087,
            "ibo_6": 0.02790786884725094,
            "ibo_7": 0.024145476520061493,
            "ibo_8": 0.03525269404053688,
            "ibo_9": 0.03007717989385128
        },
        "kin": {
            "kin_0": 0.028676055371761322,
            "kin_1": 0.03069637157022953,
            "kin_2": 0.031494345515966415,
            "kin_3": 0.02979861944913864,
            "kin_4": 0.022724905982613564,
            "kin_5": 0.02811291813850403,
            "kin_6": 0.022137528285384178,
            "kin_7": 0.029634902253746986,
            "kin_8": 0.04000021889805794,
            "kin_9": 0.03385130688548088
        },
        "lug": {
            "lug_0": 0.024461885914206505,
            "lug_1": 0.028036512434482574,
            "lug_2": 0.02078341692686081,
            "lug_3": 0.02138288877904415,
            "lug_4": 0.03249936178326607,
            "lug_5": 0.026691384613513947,
            "lug_6": 0.024164199829101562,
            "lug_7": 0.028059659525752068,
            "lug_8": 0.03241648152470589,
            "lug_9": 0.02755730412900448
        },
        "luo": {
            "luo_0": 0.021874770522117615,
            "luo_1": 0.03447246178984642,
            "luo_2": 0.030038723722100258,
            "luo_3": 0.022087888792157173,
            "luo_4": 0.03274115175008774,
            "luo_5": 0.031488511711359024,
            "luo_6": 0.024855205789208412,
            "luo_7": 0.035766322165727615,
            "luo_8": 0.02602122537791729,
            "luo_9": 0.030862724408507347
        },
        "pcm": {
            "pcm_0": 0.02832113951444626,
            "pcm_1": 0.03140443563461304,
            "pcm_2": 0.029262853786349297,
            "pcm_3": 0.030106516554951668,
            "pcm_4": 0.030803173780441284,
            "pcm_5": 0.02817004732787609,
            "pcm_6": 0.03215014562010765,
            "pcm_7": 0.03054661490023136,
            "pcm_8": 0.02856280840933323,
            "pcm_9": 0.0322018638253212
        },
        "swa": {
            "swa_0": 0.021824337542057037,
            "swa_1": 0.02967868000268936,
            "swa_2": 0.025600142776966095,
            "swa_3": 0.030446374788880348,
            "swa_4": 0.018562057986855507,
            "swa_5": 0.01740073226392269,
            "swa_6": 0.025275617837905884,
            "swa_7": 0.032496239989995956,
            "swa_8": 0.030442848801612854,
            "swa_9": 0.030051013454794884
        },
        "wol": {
            "wol_0": 0.027553336694836617,
            "wol_1": 0.03439444676041603,
            "wol_2": 0.029657604172825813,
            "wol_3": 0.036566976457834244,
            "wol_4": 0.027377286925911903,
            "wol_5": 0.029212189838290215,
            "wol_6": 0.05181879922747612,
            "wol_7": 0.036381594836711884,
            "wol_8": 0.0276839267462492,
            "wol_9": 0.03575542941689491
        },
        "yor": {
            "yor_0": 0.07772641628980637,
            "yor_1": 0.06411533802747726,
            "yor_2": 0.03139827772974968,
            "yor_3": 0.02025848627090454,
            "yor_4": 0.06884094327688217,
            "yor_5": 0.04201963543891907,
            "yor_6": 0.028286121785640717,
            "yor_7": 0.06443581730127335,
            "yor_8": 0.024559788405895233,
            "yor_9": 0.07012545317411423
        },
        "zh": {
            "zh_0": 0.0386413149535656,
            "zh_1": 0.032771311700344086,
            "zh_2": 0.054951589554548264,
            "zh_3": 0.06909830123186111,
            "zh_4": 0.05010411515831947,
            "zh_5": 0.05641404911875725,
            "zh_6": 0.0328381173312664,
            "zh_7": 0.059448957443237305,
            "zh_8": 0.057202283293008804,
            "zh_9": 0.04256926476955414
        }
    },
    "tydiqa": {
        "arabic": {
            "arabic-4449832350126320768-0": 0.030295630916953087,
            "arabic--3340323169760881569-0": 0.021100766956806183,
            "arabic-4544770624843559444-1": 0.017639320343732834,
            "arabic-891952409566422966-0": 0.015437615104019642,
            "arabic-3659291834714572527-0": 0.04249807074666023,
            "arabic-9215226117011890166-0": 0.018044454976916313,
            "arabic-6300896128538259469-0": 0.018660442903637886,
            "arabic-2382507508588518905-0": 0.014732723124325275,
            "arabic-1871632801094859741-1": 0.013122625648975372,
            "arabic--7365809756232083807-0": 0.018347954377532005
        },
        "russian": {
            "russian-3457655197371763238-61": 0.014920388348400593,
            "russian--1914807805318993335-49": 0.027569612488150597,
            "russian--3307989180606173904-1": 0.013509436510503292,
            "russian--2219512001175315660-0": 0.011937775649130344,
            "russian--7076080992904718941-0": 0.01748575083911419,
            "russian--6565862953558739013-1": 0.014745961874723434,
            "russian--5098374684590548031-42": 0.039905767887830734,
            "russian-3573734219967447693-1": 0.013901855796575546,
            "russian--4521001374120505750-6": 0.03179038316011429,
            "russian--1308382244018658424-9": 0.013843715190887451
        },
        "bengali": {
            "bengali--1199493965132146131-3": 0.013672571629285812,
            "bengali-1807801556888134437-2": 0.015601417981088161,
            "bengali-2113189855114052041-2": 0.012856471352279186,
            "bengali--2527914488250041207-0": 0.01865193620324135,
            "bengali--8260793280894408063-14": 0.013919605873525143,
            "bengali-8313009204852557186-4": 0.015589587390422821,
            "bengali--415964033364840061-0": 0.011976249516010284,
            "bengali--4696865548928858824-5": 0.011264375410974026,
            "bengali-6505224142472931712-1": 0.013081737793982029,
            "bengali-599666913917674019-13": 0.040134452283382416
        },
        "telugu": {
            "telugu--3977923017846260053-0": 0.014281750656664371,
            "telugu-2254198842560317781-0": 0.015058517456054688,
            "telugu-5435080895440121384-0": 0.01502478588372469,
            "telugu--1182505954974481191-2": 0.02041170932352543,