{
    "ner": {
        "amh": {
            "amh_0": 0.08125967532396317,
            "amh_1": 0.08538060635328293,
            "amh_2": 0.0842851772904396,
            "amh_3": 0.09161463379859924,
            "amh_4": 0.09348408132791519,
            "amh_5": 0.07205832749605179,
            "amh_6": 0.09066926687955856,
            "amh_7": 0.08688794821500778,
            "amh_8": 0.0725153461098671,
            "amh_9": 0.08662625402212143
        },
        "conll_2003_en": {
            "conll_2003_en_0": 0.13098491728305817,
            "conll_2003_en_1": 0.03143805265426636,
            "conll_2003_en_2": 0.0414561964571476,
            "conll_2003_en_3": 0.04878717660903931,
            "conll_2003_en_4": 0.03925427049398422,
            "conll_2003_en_5": 0.11018189787864685,
            "conll_2003_en_6": 0.07616226375102997,
            "conll_2003_en_7": 0.07006808370351791,
            "conll_2003_en_8": 0.09472831338644028,
            "conll_2003_en_9": 0.03722865507006645
        },
        "hau": {
            "hau_0": 0.035135913640260696,
            "hau_1": 0.04542984440922737,
            "hau_2": 0.08008276671171188,
            "hau_3": 0.03999480977654457,
            "hau_4": 0.03737416863441467,
            "hau_5": 0.03666960075497627,
            "hau_6": 0.040818873792886734,
            "hau_7": 0.03507353737950325,
            "hau_8": 0.03788680210709572,
            "hau_9": 0.042052242904901505
        },
        "ibo": {
            "ibo_0": 0.04231291636824608,
            "ibo_1": 0.04075000435113907,
            "ibo_2": 0.04533363878726959,
            "ibo_3": 0.03224105015397072,
            "ibo_4": 0.04451046884059906,
            "ibo_5": 0.03928756341338158,
            "ibo_6": 0.037992481142282486,
            "ibo_7": 0.038310807198286057,
            "ibo_8": 0.04849724471569061,
            "ibo_9": 0.042945925146341324
        },
        "kin": {
            "kin_0": 0.04360542818903923,
            "kin_1": 0.042214494198560715,
            "kin_2": 0.0411938913166523,
            "kin_3": 0.042437393218278885,
            "kin_4": 0.03615260496735573,
            "kin_5": 0.03648123890161514,
            "kin_6": 0.03707287833094597,
            "kin_7": 0.04501120373606682,
            "kin_8": 0.04679268226027489,
            "kin_9": 0.047837674617767334
        },
        "lug": {
            "lug_0": 0.0392046719789505,
            "lug_1": 0.040777966380119324,
            "lug_2": 0.04491990804672241,
            "lug_3": 0.03729507699608803,
            "lug_4": 0.044067248702049255,
            "lug_5": 0.04135133698582649,
            "lug_6": 0.038808684796094894,
            "lug_7": 0.03886191174387932,
            "lug_8": 0.04869480058550835,
            "lug_9": 0.042227283120155334
        },
        "luo": {
            "luo_0": 0.03700442984700203,
            "luo_1": 0.046305615454912186,
            "luo_2": 0.04536742344498634,
            "luo_3": 0.03971140459179878,
            "luo_4": 0.04260658100247383,
            "luo_5": 0.04238821938633919,
            "luo_6": 0.04180010035634041,
            "luo_7": 0.04827160760760307,
            "luo_8": 0.040116310119628906,
            "luo_9": 0.04242009297013283
        },
        "pcm": {
            "pcm_0": 0.03503855690360069,
            "pcm_1": 0.0439140684902668,
            "pcm_2": 0.03905411809682846,
            "pcm_3": 0.04247252270579338,
            "pcm_4": 0.04835577681660652,
            "pcm_5": 0.039479173719882965,
            "pcm_6": 0.04350864887237549,
            "pcm_7": 0.045950669795274734,
            "pcm_8": 0.04290509596467018,
            "pcm_9": 0.04245211184024811
        },
        "swa": {
            "swa_0": 0.03504887595772743,
            "swa_1": 0.040978047996759415,
            "swa_2": 0.04081543907523155,
            "swa_3": 0.04275679960846901,
            "swa_4": 0.034660134464502335,
            "swa_5": 0.030564958229660988,
            "swa_6": 0.03872377425432205,
            "swa_7": 0.04030976817011833,
            "swa_8": 0.03942079469561577,
            "swa_9": 0.03657959774136543
        },
        "wol": {
            "wol_0": 0.03974475339055061,
            "wol_1": 0.04635174572467804,
            "wol_2": 0.040778711438179016,
            "wol_3": 0.051865771412849426,
            "wol_4": 0.039083510637283325,
            "wol_5": 0.03875601664185524,
            "wol_6": 0.08112429827451706,
            "wol_7": 0.046499792486429214,
            "wol_8": 0.0418260283768177,
            "wol_9": 0.05091637000441551
        },
        "yor": {
            "yor_0": 0.1102321669459343,
            "yor_1": 0.08801722526550293,
            "yor_2": 0.041319217532873154,
            "yor_3": 0.034435298293828964,
            "yor_4": 0.09332863241434097,
            "yor_5": 0.06507773697376251,
            "yor_6": 0.03841569647192955,
            "yor_7": 0.09864067286252975,
            "yor_8": 0.040838293731212616,
            "yor_9": 0.10459881275892258
        },
        "zh": {
            "zh_0": 0.06907176971435547,
            "zh_1": 0.054270725697278976,
            "zh_2": 0.08414231985807419,
            "zh_3": 0.1182226911187172,
            "zh_4": 0.07160591334104538,
            "zh_5": 0.0826500654220581,
            "zh_6": 0.04691551253199577,
            "zh_7": 0.0987066924571991,
            "zh_8": 0.09155473858118057,
            "zh_9": 0.062244072556495667
        }
    },
    "tydiqa": {
        "arabic": {
            "arabic-4449832350126320768-0": 0.046073585748672485,
            "arabic--3340323169760881569-0": 0.03510971739888191,
            "arabic-4544770624843559444-1": 0.03269299864768982,
            "arabic-891952409566422966-0": 0.0289162565022707,
            "arabic-3659291834714572527-0": 0.06633908301591873,
            "arabic-9215226117011890166-0": 0.0333021879196167,
            "arabic-6300896128538259469-0": 0.03158703073859215,
            "arabic-2382507508588518905-0": 0.028370125219225883,
            "arabic-1871632801094859741-1": 0.026625914499163628,
            "arabic--7365809756232083807-0": 0.03179945424199104
        },
        "russian": {
            "russian-3457655197371763238-61": 0.033878009766340256,
            "russian--1914807805318993335-49": 0.04020185396075249,
            "russian--3307989180606173904-1": 0.03080618567764759,
            "russian--2219512001175315660-0": 0.0262251365929842,
            "russian--7076080992904718941-0": 0.03644901514053345,
            "russian--6565862953558739013-1": 0.03159983083605766,
            "russian--5098374684590548031-42": 0.047485485672950745,
            "russian-3573734219967447693-1": 0.031291309744119644,
            "russian--4521001374120505750-6": 0.046237315982580185,
            "russian--1308382244018658424-9": 0.03044229932129383
        },
        "bengali": {
            "bengali--1199493965132146131-3": 0.02931848168373108,
            "bengali-1807801556888134437-2": 0.03479097783565521,
            "bengali-2113189855114052041-2": 0.026315899565815926,
            "bengali--2527914488250041207-0": 0.03928689658641815,
            "bengali--8260793280894408063-14": 0.02759379893541336,
            "bengali-8313009204852557186-4": 0.03291309252381325,
            "bengali--415964033364840061-0": 0.025662420317530632,
            "bengali--4696865548928858824-5": 0.027327710762619972,
            "bengali-6505224142472931712-1": 0.027713900431990623,
            "bengali-599666913917674019-13": 0.06678216904401779
        },
        "telugu": {
            "telugu--3977923017846260053-0": 0.027178466320037842,
            "telugu-2254198842560317781-0": 0.027497008442878723,
            "telugu-5435080895440121384-0": 0.02629033662378788,
            "telugu--1182505954974481191-2": 0.03245595842599869,
            "telugu-119276511844068401-0": 0.026679685339331627,