{
    "epoch": 7.38,
    "eval_exact_match": 39.17667914122514,
    "eval_f1": 55.8701085308846,
    "eval_samples": 5624
}