{
    "ner": {
        "amh": {
            "amh_0": 0.15221337974071503,
            "amh_1": 0.14086584746837616,
            "amh_2": 0.1673775315284729,
            "amh_3": 0.14910657703876495,
            "amh_4": 0.14711035788059235,
            "amh_5": 0.18162833154201508,
            "amh_6": 0.14408324658870697,
            "amh_7": 0.1688663512468338,
            "amh_8": 0.15342287719249725,
            "amh_9": 0.15627366304397583
        },
        "conll_2003_en": {
            "conll_2003_en_0": 0.163121297955513,
            "conll_2003_en_1": 0.051558032631874084,
            "conll_2003_en_2": 0.05202525481581688,
            "conll_2003_en_3": 0.0383925698697567,
            "conll_2003_en_4": 0.04638194665312767,
            "conll_2003_en_5": 0.15740908682346344,
            "conll_2003_en_6": 0.053161412477493286,
            "conll_2003_en_7": 0.1718515157699585,
            "conll_2003_en_8": 0.16410070657730103,
            "conll_2003_en_9": 0.03830087557435036
        },
        "hau": {
            "hau_0": 0.03759671375155449,
            "hau_1": 0.04033864662051201,
            "hau_2": 0.1457180231809616,
            "hau_3": 0.023581653833389282,
            "hau_4": 0.046151090413331985,
            "hau_5": 0.033779338002204895,
            "hau_6": 0.051751747727394104,
            "hau_7": 0.04408809170126915,
            "hau_8": 0.03631770983338356,
            "hau_9": 0.04334677755832672
        },
        "ibo": {
            "ibo_0": 0.03696133568882942,
            "ibo_1": 0.04390252009034157,
            "ibo_2": 0.0445658303797245,
            "ibo_3": 0.05077508091926575,
            "ibo_4": 0.04254136607050896,
            "ibo_5": 0.04696773365139961,
            "ibo_6": 0.04400277137756348,
            "ibo_7": 0.04499199986457825,
            "ibo_8": 0.04082901403307915,
            "ibo_9": 0.04311821982264519
        },
        "kin": {
            "kin_0": 0.04553024470806122,
            "kin_1": 0.041226863861083984,
            "kin_2": 0.04395046830177307,
            "kin_3": 0.04241446778178215,
            "kin_4": 0.04182589054107666,
            "kin_5": 0.04134407266974449,
            "kin_6": 0.034388601779937744,
            "kin_7": 0.03658905252814293,
            "kin_8": 0.03664666786789894,
            "kin_9": 0.03798076882958412
        },
        "lug": {
            "lug_0": 0.03797736391425133,
            "lug_1": 0.0502893440425396,
            "lug_2": 0.024998286738991737,
            "lug_3": 0.03445734456181526,
            "lug_4": 0.0402483269572258,
            "lug_5": 0.043001722544431686,
            "lug_6": 0.047299619764089584,
            "lug_7": 0.0415317602455616,
            "lug_8": 0.04516803100705147,
            "lug_9": 0.042857035994529724
        },
        "luo": {
            "luo_0": 0.031570810824632645,
            "luo_1": 0.043513331562280655,
            "luo_2": 0.04415542259812355,
            "luo_3": 0.035645660012960434,
            "luo_4": 0.04016714543104172,
            "luo_5": 0.04105671867728233,
            "luo_6": 0.04084290564060211,
            "luo_7": 0.049690570682287216,
            "luo_8": 0.04331870749592781,
            "luo_9": 0.0527380108833313
        },
        "pcm": {
            "pcm_0": 0.042529914528131485,
            "pcm_1": 0.046166300773620605,
            "pcm_2": 0.04857124760746956,
            "pcm_3": 0.04047610983252525,
            "pcm_4": 0.04360169172286987,
            "pcm_5": 0.03445165231823921,
            "pcm_6": 0.03919045627117157,
            "pcm_7": 0.0438975989818573,
            "pcm_8": 0.0441870242357254,
            "pcm_9": 0.03668888285756111
        },
        "swa": {
            "swa_0": 0.04323111101984978,
            "swa_1": 0.04087315872311592,
            "swa_2": 0.04496048018336296,
            "swa_3": 0.046744752675294876,
            "swa_4": 0.032490696758031845,
            "swa_5": 0.031680878251791,
            "swa_6": 0.0337965302169323,
            "swa_7": 0.04696619510650635,
            "swa_8": 0.03693723678588867,
            "swa_9": 0.05134909972548485
        },
        "wol": {
            "wol_0": 0.03929058834910393,
            "wol_1": 0.04115727171301842,
            "wol_2": 0.04511048272252083,
            "wol_3": 0.05816873535513878,
            "wol_4": 0.03860225901007652,
            "wol_5": 0.03728771582245827,
            "wol_6": 0.16429151594638824,
            "wol_7": 0.04720568284392357,
            "wol_8": 0.0417969785630703,
            "wol_9": 0.041340943425893784
        },
        "yor": {
            "yor_0": 0.1417703777551651,
            "yor_1": 0.13839338719844818,
            "yor_2": 0.04594570770859718,
            "yor_3": 0.041970059275627136,
            "yor_4": 0.13844692707061768,
            "yor_5": 0.09702015668153763,
            "yor_6": 0.04380977153778076,
            "yor_7": 0.1407156139612198,
            "yor_8": 0.04421656206250191,
            "yor_9": 0.1393934190273285
        },
        "zh": {
            "zh_0": 0.15487951040267944,
            "zh_1": 0.11957819014787674,
            "zh_2": 0.12941856682300568,
            "zh_3": 0.15044450759887695,
            "zh_4": 0.07466442883014679,
            "zh_5": 0.1671813279390335,
            "zh_6": 0.13886433839797974,
            "zh_7": 0.138008251786232,
            "zh_8": 0.14264364540576935,
            "zh_9": 0.1490771621465683
        }
    },
    "tydiqa": {
        "arabic": {
            "arabic-4449832350126320768-0": 0.06851422041654587,
            "arabic--3340323169760881569-0": 0.04411398246884346,
            "arabic-4544770624843559444-1": 0.040833424776792526,
            "arabic-891952409566422966-0": 0.04667757824063301,
            "arabic-3659291834714572527-0": 0.12114254385232925,
            "arabic-9215226117011890166-0": 0.042925793677568436,
            "arabic-6300896128538259469-0": 0.053992170840501785,
            "arabic-2382507508588518905-0": 0.04262362793087959,
            "arabic-1871632801094859741-1": 0.04241006448864937,
            "arabic--7365809756232083807-0": 0.04341290518641472
        },
        "russian": {
            "russian-3457655197371763238-61": 0.028037047013640404,
            "russian--1914807805318993335-49": 0.0492098443210125,
            "russian--3307989180606173904-1": 0.028869504109025,
            "russian--2219512001175315660-0": 0.027913114055991173,
            "russian--7076080992904718941-0": 0.030235325917601585,
            "russian--6565862953558739013-1": 0.028760196641087532,
            "russian--5098374684590548031-42": 0.04183085262775421,
            "russian-3573734219967447693-1": 0.028416074812412262,
            "russian--4521001374120505750-6": 0.05006568506360054,
            "russian--1308382244018658424-9": 0.029580699279904366
        },
        "bengali": {
            "bengali--1199493965132146131-3": 0.09716229885816574,
            "bengali-1807801556888134437-2": 0.098463274538517,
            "bengali-2113189855114052041-2": 0.10100967437028885,
            "bengali--2527914488250041207-0": 0.09737422317266464,
            "bengali--8260793280894408063-14": 0.10620880126953125,
            "bengali-8313009204852557186-4": 0.0965656265616417,
            "bengali--415964033364840061-0": 0.09750709682703018,
            "bengali--4696865548928858824-5": 0.09429313987493515,
            "bengali-6505224142472931712-1": 0.09718680381774902,
            "bengali-599666913917674019-13": 0.14642994105815887
        },
        "telugu": {
            "telugu--3977923017846260053-0": 0.04105794057250023,
            "telugu-2254198842560317781-0": 0.036165617406368256,
            "telugu-5435080895440121384-0": 0.039091404527425766,
            "telugu--1182505954974481191-2": 0.04573555290699005,
            "telugu-119276511844068401-0": 0.04073221608996391,
            "telugu--4111208545071789922-0": 0.038106273859739304,