{
    "ner": {
        "amh": {
            "amh_0": 0.16139629483222961,
            "amh_1": 0.1408184915781021,
            "amh_2": 0.15041078627109528,
            "amh_3": 0.15019108355045319,
            "amh_4": 0.15010981261730194,
            "amh_5": 0.15885953605175018,
            "amh_6": 0.16367082297801971,
            "amh_7": 0.14181378483772278,
            "amh_8": 0.15837259590625763,
            "amh_9": 0.16855917870998383
        },
        "conll_2003_en": {
            "conll_2003_en_0": 0.15696699917316437,
            "conll_2003_en_1": 0.04859061539173126,
            "conll_2003_en_2": 0.044047627598047256,
            "conll_2003_en_3": 0.04357804358005524,
            "conll_2003_en_4": 0.04175133630633354,
            "conll_2003_en_5": 0.14656974375247955,
            "conll_2003_en_6": 0.031555622816085815,
            "conll_2003_en_7": 0.17197471857070923,
            "conll_2003_en_8": 0.16454379260540009,
            "conll_2003_en_9": 0.047250669449567795
        },
        "hau": {
            "hau_0": 0.03787032514810562,
            "hau_1": 0.03197423368692398,
            "hau_2": 0.15108425915241241,
            "hau_3": 0.025674020871520042,
            "hau_4": 0.042130809277296066,
            "hau_5": 0.035824209451675415,
            "hau_6": 0.037088919430971146,
            "hau_7": 0.04460398480296135,
            "hau_8": 0.03699831664562225,
            "hau_9": 0.042806226760149
        },
        "ibo": {
            "ibo_0": 0.04299941658973694,
            "ibo_1": 0.039215337485075,
            "ibo_2": 0.04604488983750343,
            "ibo_3": 0.04972641170024872,
            "ibo_4": 0.048721086233854294,
            "ibo_5": 0.038644153624773026,
            "ibo_6": 0.04205477237701416,
            "ibo_7": 0.04418989643454552,
            "ibo_8": 0.040317606180906296,
            "ibo_9": 0.03896227106451988
        },
        "kin": {
            "kin_0": 0.04767166078090668,
            "kin_1": 0.045212406665086746,
            "kin_2": 0.03843085467815399,
            "kin_3": 0.040596362203359604,
            "kin_4": 0.04300710931420326,
            "kin_5": 0.04512304067611694,
            "kin_6": 0.03548605740070343,
            "kin_7": 0.045636966824531555,
            "kin_8": 0.035706259310245514,
            "kin_9": 0.03785325959324837
        },
        "lug": {
            "lug_0": 0.04012266546487808,
            "lug_1": 0.048471733927726746,
            "lug_2": 0.0245188120752573,
            "lug_3": 0.03158621862530708,
            "lug_4": 0.04600338637828827,
            "lug_5": 0.0447043813765049,
            "lug_6": 0.0429597906768322,
            "lug_7": 0.047373607754707336,
            "lug_8": 0.04500859975814819,
            "lug_9": 0.04453616216778755
        },
        "luo": {
            "luo_0": 0.0312516875565052,
            "luo_1": 0.036339279264211655,
            "luo_2": 0.04347120225429535,
            "luo_3": 0.03140415623784065,
            "luo_4": 0.04356611892580986,
            "luo_5": 0.038931820541620255,
            "luo_6": 0.040099721401929855,
            "luo_7": 0.053094133734703064,
            "luo_8": 0.046322669833898544,
            "luo_9": 0.046280983835458755
        },
        "pcm": {
            "pcm_0": 0.03836404159665108,
            "pcm_1": 0.04808150604367256,
            "pcm_2": 0.0458211712539196,
            "pcm_3": 0.039881352335214615,
            "pcm_4": 0.042665038257837296,
            "pcm_5": 0.049783095717430115,
            "pcm_6": 0.04186056926846504,
            "pcm_7": 0.04380818083882332,
            "pcm_8": 0.044456515461206436,
            "pcm_9": 0.03713205084204674
        },
        "swa": {
            "swa_0": 0.04436229169368744,
            "swa_1": 0.049897804856300354,
            "swa_2": 0.042655497789382935,
            "swa_3": 0.03848101943731308,
            "swa_4": 0.03414130583405495,
            "swa_5": 0.0327865295112133,
            "swa_6": 0.036725014448165894,
            "swa_7": 0.04492773488163948,
            "swa_8": 0.03674760088324547,
            "swa_9": 0.04667706787586212
        },
        "wol": {
            "wol_0": 0.04434405639767647,
            "wol_1": 0.044217001646757126,
            "wol_2": 0.04728753864765167,
            "wol_3": 0.06760188192129135,
            "wol_4": 0.04193262383341789,
            "wol_5": 0.04325827956199646,
            "wol_6": 0.15542104840278625,
            "wol_7": 0.05109231173992157,
            "wol_8": 0.03642047569155693,
            "wol_9": 0.040660109370946884
        },
        "yor": {
            "yor_0": 0.14288058876991272,
            "yor_1": 0.13804464042186737,
            "yor_2": 0.04196888580918312,
            "yor_3": 0.043179452419281006,
            "yor_4": 0.13444136083126068,
            "yor_5": 0.09890095144510269,
            "yor_6": 0.04073533043265343,
            "yor_7": 0.1336546391248703,
            "yor_8": 0.04073220118880272,
            "yor_9": 0.1393061876296997
        },
        "zh": {
            "zh_0": 0.1647060364484787,
            "zh_1": 0.1196209192276001,
            "zh_2": 0.1318722516298294,
            "zh_3": 0.14701707661151886,
            "zh_4": 0.18386732041835785,
            "zh_5": 0.1645204871892929,
            "zh_6": 0.13399045169353485,
            "zh_7": 0.13075725734233856,
            "zh_8": 0.13247555494308472,
            "zh_9": 0.1469947248697281
        }
    },
    "tydiqa": {
        "arabic": {
            "arabic-4449832350126320768-0": 0.0716170147061348,
            "arabic--3340323169760881569-0": 0.04885891079902649,
            "arabic-4544770624843559444-1": 0.042771611362695694,
            "arabic-891952409566422966-0": 0.0444754958152771,
            "arabic-3659291834714572527-0": 0.11780337244272232,
            "arabic-9215226117011890166-0": 0.03935781121253967,
            "arabic-6300896128538259469-0": 0.050101324915885925,
            "arabic-2382507508588518905-0": 0.04013596102595329,
            "arabic-1871632801094859741-1": 0.04006366804242134,
            "arabic--7365809756232083807-0": 0.04371531680226326
        },
        "russian": {
            "russian-3457655197371763238-61": 0.029628388583660126,
            "russian--1914807805318993335-49": 0.052472371608018875,
            "russian--3307989180606173904-1": 0.027153993025422096,
            "russian--2219512001175315660-0": 0.02706190198659897,
            "russian--7076080992904718941-0": 0.02798864245414734,
            "russian--6565862953558739013-1": 0.029758499935269356,
            "russian--5098374684590548031-42": 0.0438651442527771,
            "russian-3573734219967447693-1": 0.027742484584450722,
            "russian--4521001374120505750-6": 0.04371592774987221,
            "russian--1308382244018658424-9": 0.028617987409234047
        },
        "bengali": {
            "bengali--1199493965132146131-3": 0.09583625942468643,
            "bengali-1807801556888134437-2": 0.09499449282884598,
            "bengali-2113189855114052041-2": 0.09915196895599365,
            "bengali--2527914488250041207-0": 0.10520467162132263,
            "bengali--8260793280894408063-14": 0.1139976754784584,
            "bengali-8313009204852557186-4": 0.09980978816747665,
            "bengali--415964033364840061-0": 0.09642622619867325,
            "bengali--4696865548928858824-5": 0.09502970427274704,
            "bengali-6505224142472931712-1": 0.09580782055854797,
            "bengali-599666913917674019-13": 0.1326724737882614
        },
        "telugu": {
            "telugu--3977923017846260053-0": 0.036891303956508636,
            "telugu-2254198842560317781-0": 0.035384539514780045,
            "telugu-5435080895440121384-0": 0.03827248141169548,
            "telugu--1182505954974481191-2": 0.04595804214477539,
            "telugu-119276511844068401-0": 0.04214942082762718,