{
    "ner": {
        "amh": {
            "amh_0": 0.153245210647583,
            "amh_1": 0.15268857777118683,
            "amh_2": 0.16030068695545197,
            "amh_3": 0.15948933362960815,
            "amh_4": 0.14202497899532318,
            "amh_5": 0.16561730206012726,
            "amh_6": 0.1600065529346466,
            "amh_7": 0.14426621794700623,
            "amh_8": 0.14621444046497345,
            "amh_9": 0.13985736668109894
        },
        "conll_2003_en": {
            "conll_2003_en_0": 0.16305994987487793,
            "conll_2003_en_1": 0.051069509238004684,
            "conll_2003_en_2": 0.04298023879528046,
            "conll_2003_en_3": 0.044191692024469376,
            "conll_2003_en_4": 0.04894169047474861,
            "conll_2003_en_5": 0.15207937359809875,
            "conll_2003_en_6": 0.17079269886016846,
            "conll_2003_en_7": 0.16464965045452118,
            "conll_2003_en_8": 0.1630653291940689,
            "conll_2003_en_9": 0.04189387336373329
        },
        "hau": {
            "hau_0": 0.028044188395142555,
            "hau_1": 0.03541465103626251,
            "hau_2": 0.15856456756591797,
            "hau_3": 0.01714688166975975,
            "hau_4": 0.03273424133658409,
            "hau_5": 0.025886088609695435,
            "hau_6": 0.04080415889620781,
            "hau_7": 0.042034294456243515,
            "hau_8": 0.027557557448744774,
            "hau_9": 0.04359954595565796
        },
        "ibo": {
            "ibo_0": 0.03765584155917168,
            "ibo_1": 0.038825228810310364,
            "ibo_2": 0.036299027502536774,
            "ibo_3": 0.040287669748067856,
            "ibo_4": 0.04147994518280029,
            "ibo_5": 0.04397815093398094,
            "ibo_6": 0.0430179201066494,
            "ibo_7": 0.03445814922451973,
            "ibo_8": 0.039711419492959976,
            "ibo_9": 0.03413218632340431
        },
        "kin": {
            "kin_0": 0.043859828263521194,
            "kin_1": 0.04426759481430054,
            "kin_2": 0.04666214808821678,
            "kin_3": 0.03855143114924431,
            "kin_4": 0.032646793872117996,
            "kin_5": 0.04333746060729027,
            "kin_6": 0.023181146010756493,
            "kin_7": 0.038986075669527054,
            "kin_8": 0.03470035269856453,
            "kin_9": 0.038781460374593735
        },
        "lug": {
            "lug_0": 0.03296219930052757,
            "lug_1": 0.038257453590631485,
            "lug_2": 0.015304711647331715,
            "lug_3": 0.024320827797055244,
            "lug_4": 0.03923863545060158,
            "lug_5": 0.038622498512268066,
            "lug_6": 0.03677703067660332,
            "lug_7": 0.03714032098650932,
            "lug_8": 0.03805014491081238,
            "lug_9": 0.03596174344420433
        },
        "luo": {
            "luo_0": 0.02819613181054592,
            "luo_1": 0.03935198858380318,
            "luo_2": 0.039513107389211655,
            "luo_3": 0.025366714224219322,
            "luo_4": 0.03079979680478573,
            "luo_5": 0.03859720751643181,
            "luo_6": 0.03361908718943596,
            "luo_7": 0.04508191719651222,
            "luo_8": 0.03730607032775879,
            "luo_9": 0.052056413143873215
        },
        "pcm": {
            "pcm_0": 0.03723158314824104,
            "pcm_1": 0.04825134947896004,
            "pcm_2": 0.03893883153796196,
            "pcm_3": 0.040904123336076736,
            "pcm_4": 0.04360339418053627,
            "pcm_5": 0.03941173478960991,
            "pcm_6": 0.03840840607881546,
            "pcm_7": 0.041782259941101074,
            "pcm_8": 0.03551599010825157,
            "pcm_9": 0.03282368183135986
        },
        "swa": {
            "swa_0": 0.036901190876960754,
            "swa_1": 0.038856141269207,
            "swa_2": 0.03768381103873253,
            "swa_3": 0.036701302975416183,
            "swa_4": 0.02912866324186325,
            "swa_5": 0.026462173089385033,
            "swa_6": 0.03163453936576843,
            "swa_7": 0.05176084116101265,
            "swa_8": 0.03302927315235138,
            "swa_9": 0.03890964761376381
        },
        "wol": {
            "wol_0": 0.03442000225186348,
            "wol_1": 0.04027282074093819,
            "wol_2": 0.03849313035607338,
            "wol_3": 0.05826316401362419,
            "wol_4": 0.04286177456378937,
            "wol_5": 0.04021383821964264,
            "wol_6": 0.1501391977071762,
            "wol_7": 0.03959367796778679,
            "wol_8": 0.04310224577784538,
            "wol_9": 0.03726816922426224
        },
        "yor": {
            "yor_0": 0.13643662631511688,
            "yor_1": 0.12964500486850739,
            "yor_2": 0.03766821697354317,
            "yor_3": 0.030220353975892067,
            "yor_4": 0.13705898821353912,
            "yor_5": 0.09558121114969254,
            "yor_6": 0.038243550807237625,
            "yor_7": 0.12775109708309174,
            "yor_8": 0.038708046078681946,
            "yor_9": 0.1315334588289261
        },
        "zh": {
            "zh_0": 0.09574533253908157,
            "zh_1": 0.11171559244394302,
            "zh_2": 0.13468284904956818,
            "zh_3": 0.15428662300109863,
            "zh_4": 0.1736019104719162,
            "zh_5": 0.1530752032995224,
            "zh_6": 0.12136872857809067,
            "zh_7": 0.13166530430316925,
            "zh_8": 0.1531369388103485,
            "zh_9": 0.14514566957950592
        }
    },
    "tydiqa": {
        "arabic": {
            "arabic-4449832350126320768-0": 0.08471032232046127,
            "arabic--3340323169760881569-0": 0.04502341151237488,
            "arabic-4544770624843559444-1": 0.04042183980345726,
            "arabic-891952409566422966-0": 0.042519018054008484,
            "arabic-3659291834714572527-0": 0.11492083221673965,
            "arabic-9215226117011890166-0": 0.03999593108892441,
            "arabic-6300896128538259469-0": 0.04755097255110741,
            "arabic-2382507508588518905-0": 0.04059410095214844,
            "arabic-1871632801094859741-1": 0.04051000997424126,
            "arabic--7365809756232083807-0": 0.03908305987715721
        },
        "russian": {
            "russian-3457655197371763238-61": 0.024053452536463737,
            "russian--1914807805318993335-49": 0.046408891677856445,
            "russian--3307989180606173904-1": 0.02070566639304161,
            "russian--2219512001175315660-0": 0.02584035135805607,
            "russian--7076080992904718941-0": 0.022240489721298218,
            "russian--6565862953558739013-1": 0.022600218653678894,
            "russian--5098374684590548031-42": 0.03739750012755394,
            "russian-3573734219967447693-1": 0.024239325895905495,
            "russian--4521001374120505750-6": 0.04984176158905029,
            "russian--1308382244018658424-9": 0.022948013618588448
        },
        "bengali": {
            "bengali--1199493965132146131-3": 0.09425410628318787,
            "bengali-1807801556888134437-2": 0.08954343944787979,
            "bengali-2113189855114052041-2": 0.09307513386011124,
            "bengali--2527914488250041207-0": 0.09656479954719543,
            "bengali--8260793280894408063-14": 0.10055878013372421,
            "bengali-8313009204852557186-4": 0.09603527933359146,
            "bengali--415964033364840061-0": 0.09256158024072647,
            "bengali--4696865548928858824-5": 0.09253286570310593,
            "bengali-6505224142472931712-1": 0.08998777717351913,
            "bengali-599666913917674019-13": 0.13207784295082092
        },
        "telugu": {
            "telugu--3977923017846260053-0": 0.03626925125718117,
            "telugu-2254198842560317781-0": 0.03645610809326172,
            "telugu-5435080895440121384-0": 0.0370725654065609,
            "telugu--1182505954974481191-2": 0.04482043907046318,
            "telugu-119276511844068401-0": 0.034539058804512024,