{
    "ner": {
        "amh": {
            "amh_0": 0.15964888036251068,
            "amh_1": 0.15918245911598206,
            "amh_2": 0.1605585515499115,
            "amh_3": 0.13884291052818298,
            "amh_4": 0.14091001451015472,
            "amh_5": 0.17386849224567413,
            "amh_6": 0.1373472660779953,
            "amh_7": 0.14290788769721985,
            "amh_8": 0.1602204591035843,
            "amh_9": 0.1562538892030716
        },
        "conll_2003_en": {
            "conll_2003_en_0": 0.1478344351053238,
            "conll_2003_en_1": 0.04240729287266731,
            "conll_2003_en_2": 0.03826410323381424,
            "conll_2003_en_3": 0.036425795406103134,
            "conll_2003_en_4": 0.04435155913233757,
            "conll_2003_en_5": 0.14784620702266693,
            "conll_2003_en_6": 0.12266383320093155,
            "conll_2003_en_7": 0.16805998980998993,
            "conll_2003_en_8": 0.16180481016635895,
            "conll_2003_en_9": 0.038822319358587265
        },
        "hau": {
            "hau_0": 0.02782689966261387,
            "hau_1": 0.04472079873085022,
            "hau_2": 0.13741247355937958,
            "hau_3": 0.01632189005613327,
            "hau_4": 0.03423035144805908,
            "hau_5": 0.025631381198763847,
            "hau_6": 0.04374922811985016,
            "hau_7": 0.0362948440015316,
            "hau_8": 0.028321994468569756,
            "hau_9": 0.038034822791814804
        },
        "ibo": {
            "ibo_0": 0.03878892585635185,
            "ibo_1": 0.03999466821551323,
            "ibo_2": 0.037420351058244705,
            "ibo_3": 0.04750017821788788,
            "ibo_4": 0.03395068272948265,
            "ibo_5": 0.037258077412843704,
            "ibo_6": 0.03944776579737663,
            "ibo_7": 0.036131154745817184,
            "ibo_8": 0.03573179244995117,
            "ibo_9": 0.032668571919202805
        },
        "kin": {
            "kin_0": 0.03889470919966698,
            "kin_1": 0.04005184397101402,
            "kin_2": 0.052381932735443115,
            "kin_3": 0.037470392882823944,
            "kin_4": 0.03537178039550781,
            "kin_5": 0.04255763813853264,
            "kin_6": 0.0275699645280838,
            "kin_7": 0.033870965242385864,
            "kin_8": 0.03497060015797615,
            "kin_9": 0.03540464863181114
        },
        "lug": {
            "lug_0": 0.029958074912428856,
            "lug_1": 0.03334689140319824,
            "lug_2": 0.01517285406589508,
            "lug_3": 0.025577588006854057,
            "lug_4": 0.041520826518535614,
            "lug_5": 0.03327082470059395,
            "lug_6": 0.03431788459420204,
            "lug_7": 0.03873894736170769,
            "lug_8": 0.03862174600362778,
            "lug_9": 0.03750307857990265
        },
        "luo": {
            "luo_0": 0.02209770679473877,
            "luo_1": 0.038847941905260086,
            "luo_2": 0.03517375513911247,
            "luo_3": 0.027032367885112762,
            "luo_4": 0.03992186114192009,
            "luo_5": 0.03457614779472351,
            "luo_6": 0.03385496884584427,
            "luo_7": 0.04764236509799957,
            "luo_8": 0.03693525120615959,
            "luo_9": 0.049496281892061234
        },
        "pcm": {
            "pcm_0": 0.03590461611747742,
            "pcm_1": 0.04915781691670418,
            "pcm_2": 0.040141116827726364,
            "pcm_3": 0.033306706696748734,
            "pcm_4": 0.03164767846465111,
            "pcm_5": 0.034532174468040466,
            "pcm_6": 0.03686988726258278,
            "pcm_7": 0.038548484444618225,
            "pcm_8": 0.03514019772410393,
            "pcm_9": 0.040842052549123764
        },
        "swa": {
            "swa_0": 0.03529609367251396,
            "swa_1": 0.03734641149640083,
            "swa_2": 0.03518042340874672,
            "swa_3": 0.035655997693538666,
            "swa_4": 0.023462815210223198,
            "swa_5": 0.02393198013305664,
            "swa_6": 0.029083572328090668,
            "swa_7": 0.048379551619291306,
            "swa_8": 0.032675523310899734,
            "swa_9": 0.043059349060058594
        },
        "wol": {
            "wol_0": 0.036137450486421585,
            "wol_1": 0.04035315662622452,
            "wol_2": 0.03769970312714577,
            "wol_3": 0.06660851836204529,
            "wol_4": 0.03320218250155449,
            "wol_5": 0.04205198213458061,
            "wol_6": 0.1514856219291687,
            "wol_7": 0.03629951551556587,
            "wol_8": 0.04969258978962898,
            "wol_9": 0.03745827451348305
        },
        "yor": {
            "yor_0": 0.13000212609767914,
            "yor_1": 0.13566814363002777,
            "yor_2": 0.04278711974620819,
            "yor_3": 0.03082648478448391,
            "yor_4": 0.12685048580169678,
            "yor_5": 0.094415582716465,
            "yor_6": 0.04082978516817093,
            "yor_7": 0.13293470442295074,
            "yor_8": 0.037229619920253754,
            "yor_9": 0.13777154684066772
        },
        "zh": {
            "zh_0": 0.16078759729862213,
            "zh_1": 0.11475495249032974,
            "zh_2": 0.12871794402599335,
            "zh_3": 0.16209380328655243,
            "zh_4": 0.18130946159362793,
            "zh_5": 0.16559891402721405,
            "zh_6": 0.13413651287555695,
            "zh_7": 0.13560086488723755,
            "zh_8": 0.13293851912021637,
            "zh_9": 0.1332995444536209
        }
    },
    "tydiqa": {
        "arabic": {
            "arabic-4449832350126320768-0": 0.0576140321791172,
            "arabic--3340323169760881569-0": 0.042327988892793655,
            "arabic-4544770624843559444-1": 0.041616324335336685,
            "arabic-891952409566422966-0": 0.035678133368492126,
            "arabic-3659291834714572527-0": 0.11300516128540039,
            "arabic-9215226117011890166-0": 0.03213675692677498,
            "arabic-6300896128538259469-0": 0.04528837278485298,
            "arabic-2382507508588518905-0": 0.03549351170659065,
            "arabic-1871632801094859741-1": 0.03403432294726372,
            "arabic--7365809756232083807-0": 0.035383742302656174
        },
        "russian": {
            "russian-3457655197371763238-61": 0.019163144752383232,
            "russian--1914807805318993335-49": 0.04441480711102486,
            "russian--3307989180606173904-1": 0.017360826954245567,
            "russian--2219512001175315660-0": 0.021171389147639275,
            "russian--7076080992904718941-0": 0.018812881782650948,
            "russian--6565862953558739013-1": 0.018836474046111107,
            "russian--5098374684590548031-42": 0.041321881115436554,
            "russian-3573734219967447693-1": 0.019672652706503868,
            "russian--4521001374120505750-6": 0.04147563874721527,
            "russian--1308382244018658424-9": 0.019132256507873535
        },
        "bengali": {
            "bengali--1199493965132146131-3": 0.09629455208778381,
            "bengali-1807801556888134437-2": 0.09516378492116928,
            "bengali-2113189855114052041-2": 0.09450843185186386,
            "bengali--2527914488250041207-0": 0.09552892297506332,
            "bengali--8260793280894408063-14": 0.09734907746315002,
            "bengali-8313009204852557186-4": 0.08858159929513931,
            "bengali--415964033364840061-0": 0.09651181846857071,
            "bengali--4696865548928858824-5": 0.09094709157943726,
            "bengali-6505224142472931712-1": 0.09355797618627548,
            "bengali-599666913917674019-13": 0.12996482849121094
        },
        "telugu": {
            "telugu--3977923017846260053-0": 0.034840602427721024,
            "telugu-2254198842560317781-0": 0.034104470163583755,
            "telugu-5435080895440121384-0": 0.034683357924222946,
            "telugu--1182505954974481191-2": 0.04590700939297676,
            "telugu-119276511844068401-0": 0.029415234923362732,