{
    "ner": {
        "amh": {
            "amh_0": 0.12524892389774323,
            "amh_1": 0.1457197666168213,
            "amh_2": 0.14649099111557007,
            "amh_3": 0.14057964086532593,
            "amh_4": 0.13666599988937378,
            "amh_5": 0.1498185694217682,
            "amh_6": 0.1612461656332016,
            "amh_7": 0.1458703726530075,
            "amh_8": 0.16001790761947632,
            "amh_9": 0.16753822565078735
        },
        "conll_2003_en": {
            "conll_2003_en_0": 0.16635751724243164,
            "conll_2003_en_1": 0.03963663801550865,
            "conll_2003_en_2": 0.04051791504025459,
            "conll_2003_en_3": 0.03241999074816704,
            "conll_2003_en_4": 0.03324185311794281,
            "conll_2003_en_5": 0.14693374931812286,
            "conll_2003_en_6": 0.07338035106658936,
            "conll_2003_en_7": 0.16438336670398712,
            "conll_2003_en_8": 0.16358181834220886,
            "conll_2003_en_9": 0.042546000331640244
        },
        "hau": {
            "hau_0": 0.03206844627857208,
            "hau_1": 0.041402507573366165,
            "hau_2": 0.14810504019260406,
            "hau_3": 0.01884262077510357,
            "hau_4": 0.03485512733459473,
            "hau_5": 0.027838705107569695,
            "hau_6": 0.03654951974749565,
            "hau_7": 0.03907625749707222,
            "hau_8": 0.0266941636800766,
            "hau_9": 0.04568290337920189
        },
        "ibo": {
            "ibo_0": 0.0403718464076519,
            "ibo_1": 0.04347337409853935,
            "ibo_2": 0.0449698306620121,
            "ibo_3": 0.05147654190659523,
            "ibo_4": 0.03931845724582672,
            "ibo_5": 0.04155251011252403,
            "ibo_6": 0.03663397580385208,
            "ibo_7": 0.040710143744945526,
            "ibo_8": 0.03581925854086876,
            "ibo_9": 0.04144185408949852
        },
        "kin": {
            "kin_0": 0.038734421133995056,
            "kin_1": 0.04266243800520897,
            "kin_2": 0.04353564605116844,
            "kin_3": 0.03891836851835251,
            "kin_4": 0.0357992984354496,
            "kin_5": 0.03257695212960243,
            "kin_6": 0.02987944893538952,
            "kin_7": 0.03551604971289635,
            "kin_8": 0.040012285113334656,
            "kin_9": 0.03863269463181496
        },
        "lug": {
            "lug_0": 0.03191625699400902,
            "lug_1": 0.043398287147283554,
            "lug_2": 0.01892181858420372,
            "lug_3": 0.02781575731933117,
            "lug_4": 0.045295510441064835,
            "lug_5": 0.04163690283894539,
            "lug_6": 0.03802898898720741,
            "lug_7": 0.037245918065309525,
            "lug_8": 0.03874683752655983,
            "lug_9": 0.03812439367175102
        },
        "luo": {
            "luo_0": 0.032348085194826126,
            "luo_1": 0.035959307104349136,
            "luo_2": 0.03660282865166664,
            "luo_3": 0.02799108624458313,
            "luo_4": 0.03986865282058716,
            "luo_5": 0.039239756762981415,
            "luo_6": 0.03443850204348564,
            "luo_7": 0.04078860208392143,
            "luo_8": 0.036103226244449615,
            "luo_9": 0.05269518867135048
        },
        "pcm": {
            "pcm_0": 0.038198258727788925,
            "pcm_1": 0.04330488666892052,
            "pcm_2": 0.0368361622095108,
            "pcm_3": 0.03720317408442497,
            "pcm_4": 0.04345313832163811,
            "pcm_5": 0.034704796969890594,
            "pcm_6": 0.040585678070783615,
            "pcm_7": 0.04158170148730278,
            "pcm_8": 0.03461647033691406,
            "pcm_9": 0.03774445131421089
        },
        "swa": {
            "swa_0": 0.0400971956551075,
            "swa_1": 0.043028414249420166,
            "swa_2": 0.039716143161058426,
            "swa_3": 0.03898535296320915,
            "swa_4": 0.025938814505934715,
            "swa_5": 0.027962826192378998,
            "swa_6": 0.029752163216471672,
            "swa_7": 0.050500307232141495,
            "swa_8": 0.03129477798938751,
            "swa_9": 0.04020380601286888
        },
        "wol": {
            "wol_0": 0.038339633494615555,
            "wol_1": 0.03592512384057045,
            "wol_2": 0.03594135865569115,
            "wol_3": 0.075872041285038,
            "wol_4": 0.041515473276376724,
            "wol_5": 0.040301613509655,
            "wol_6": 0.1554240733385086,
            "wol_7": 0.035112783312797546,
            "wol_8": 0.034366507083177567,
            "wol_9": 0.052855897694826126
        },
        "yor": {
            "yor_0": 0.13307559490203857,
            "yor_1": 0.13506601750850677,
            "yor_2": 0.04227063059806824,
            "yor_3": 0.03239264339208603,
            "yor_4": 0.1450907289981842,
            "yor_5": 0.09257426112890244,
            "yor_6": 0.04235084727406502,
            "yor_7": 0.13015064597129822,
            "yor_8": 0.036535684019327164,
            "yor_9": 0.13148726522922516
        },
        "zh": {
            "zh_0": 0.16452211141586304,
            "zh_1": 0.12254289537668228,
            "zh_2": 0.13341766595840454,
            "zh_3": 0.14535190165042877,
            "zh_4": 0.14354842901229858,
            "zh_5": 0.15537439286708832,
            "zh_6": 0.12170394510030746,
            "zh_7": 0.14512906968593597,
            "zh_8": 0.13749845325946808,
            "zh_9": 0.1425459235906601
        }
    },
    "tydiqa": {
        "arabic": {
            "arabic-4449832350126320768-0": 0.0494762621819973,
            "arabic--3340323169760881569-0": 0.043121714144945145,
            "arabic-4544770624843559444-1": 0.04304270073771477,
            "arabic-891952409566422966-0": 0.0422380231320858,
            "arabic-3659291834714572527-0": 0.10792388767004013,
            "arabic-9215226117011890166-0": 0.039416324347257614,
            "arabic-6300896128538259469-0": 0.052510783076286316,
            "arabic-2382507508588518905-0": 0.040102869272232056,
            "arabic-1871632801094859741-1": 0.038995180279016495,
            "arabic--7365809756232083807-0": 0.042581427842378616
        },
        "russian": {
            "russian-3457655197371763238-61": 0.022849639877676964,
            "russian--1914807805318993335-49": 0.044573310762643814,
            "russian--3307989180606173904-1": 0.020950431004166603,
            "russian--2219512001175315660-0": 0.02403719164431095,
            "russian--7076080992904718941-0": 0.02400418370962143,
            "russian--6565862953558739013-1": 0.02532585710287094,
            "russian--5098374684590548031-42": 0.04656817391514778,
            "russian-3573734219967447693-1": 0.025147223845124245,
            "russian--4521001374120505750-6": 0.043448884040117264,
            "russian--1308382244018658424-9": 0.024150973185896873
        },
        "bengali": {
            "bengali--1199493965132146131-3": 0.09280326217412949,
            "bengali-1807801556888134437-2": 0.10193377733230591,
            "bengali-2113189855114052041-2": 0.091921865940094,
            "bengali--2527914488250041207-0": 0.09536365419626236,
            "bengali--8260793280894408063-14": 0.09803378582000732,
            "bengali-8313009204852557186-4": 0.09424049407243729,
            "bengali--415964033364840061-0": 0.08928116410970688,
            "bengali--4696865548928858824-5": 0.09214776009321213,
            "bengali-6505224142472931712-1": 0.09074614197015762,
            "bengali-599666913917674019-13": 0.12838640809059143
        },
        "telugu": {
            "telugu--3977923017846260053-0": 0.041823018342256546,
            "telugu-2254198842560317781-0": 0.08170134574174881,
            "telugu-5435080895440121384-0": 0.04214314743876457,
            "telugu--1182505954974481191-2": 0.04108242690563202,
            "telugu-119276511844068401-0": 0.033949170261621475,