{
    "ner": {
        "amh": {
            "amh_0": 0.15279540419578552,
            "amh_1": 0.14958815276622772,
            "amh_2": 0.17191433906555176,
            "amh_3": 0.13894452154636383,
            "amh_4": 0.15470917522907257,
            "amh_5": 0.14279191195964813,
            "amh_6": 0.1622370034456253,
            "amh_7": 0.15399202704429626,
            "amh_8": 0.1384493112564087,
            "amh_9": 0.16036120057106018
        },
        "conll_2003_en": {
            "conll_2003_en_0": 0.1614343822002411,
            "conll_2003_en_1": 0.054513830691576004,
            "conll_2003_en_2": 0.04353475198149681,
            "conll_2003_en_3": 0.03775066137313843,
            "conll_2003_en_4": 0.0438830703496933,
            "conll_2003_en_5": 0.16279436647891998,
            "conll_2003_en_6": 0.16325120627880096,
            "conll_2003_en_7": 0.16234605014324188,
            "conll_2003_en_8": 0.1744357943534851,
            "conll_2003_en_9": 0.04246404394507408
        },
        "hau": {
            "hau_0": 0.03356974571943283,
            "hau_1": 0.04626769199967384,
            "hau_2": 0.17233715951442719,
            "hau_3": 0.021790502592921257,
            "hau_4": 0.0378568135201931,
            "hau_5": 0.0285980012267828,
            "hau_6": 0.04434089735150337,
            "hau_7": 0.04069918766617775,
            "hau_8": 0.030819537118077278,
            "hau_9": 0.04125666990876198
        },
        "ibo": {
            "ibo_0": 0.04406494274735451,
            "ibo_1": 0.04210544005036354,
            "ibo_2": 0.04011420160531998,
            "ibo_3": 0.04072653874754906,
            "ibo_4": 0.04108581319451332,
            "ibo_5": 0.03835109993815422,
            "ibo_6": 0.04256036877632141,
            "ibo_7": 0.042482923716306686,
            "ibo_8": 0.046263981610536575,
            "ibo_9": 0.03777359798550606
        },
        "kin": {
            "kin_0": 0.04594333469867706,
            "kin_1": 0.036079537123441696,
            "kin_2": 0.048343706876039505,
            "kin_3": 0.041226182132959366,
            "kin_4": 0.040246669203042984,
            "kin_5": 0.03496246412396431,
            "kin_6": 0.030332498252391815,
            "kin_7": 0.04504077509045601,
            "kin_8": 0.0394664891064167,
            "kin_9": 0.03602611646056175
        },
        "lug": {
            "lug_0": 0.03839042782783508,
            "lug_1": 0.04492716118693352,
            "lug_2": 0.01987922377884388,
            "lug_3": 0.02841898985207081,
            "lug_4": 0.04068300873041153,
            "lug_5": 0.042459968477487564,
            "lug_6": 0.04244634509086609,
            "lug_7": 0.04192541539669037,
            "lug_8": 0.04824620112776756,
            "lug_9": 0.03702991083264351
        },
        "luo": {
            "luo_0": 0.029611840844154358,
            "luo_1": 0.03707021847367287,
            "luo_2": 0.04645232483744621,
            "luo_3": 0.02903643436729908,
            "luo_4": 0.03941504657268524,
            "luo_5": 0.03618239238858223,
            "luo_6": 0.03359062969684601,
            "luo_7": 0.05031384900212288,
            "luo_8": 0.04012151435017586,
            "luo_9": 0.05403570830821991
        },
        "pcm": {
            "pcm_0": 0.0411776639521122,
            "pcm_1": 0.040447309613227844,
            "pcm_2": 0.04019279405474663,
            "pcm_3": 0.04439438879489899,
            "pcm_4": 0.04166872426867485,
            "pcm_5": 0.03815886750817299,
            "pcm_6": 0.03789563104510307,
            "pcm_7": 0.04032566770911217,
            "pcm_8": 0.03922165557742119,
            "pcm_9": 0.0310660507529974
        },
        "swa": {
            "swa_0": 0.041210420429706573,
            "swa_1": 0.034605722874403,
            "swa_2": 0.04091253504157066,
            "swa_3": 0.041215792298316956,
            "swa_4": 0.029344948008656502,
            "swa_5": 0.026364335790276527,
            "swa_6": 0.034196820110082626,
            "swa_7": 0.03972800076007843,
            "swa_8": 0.03546455129981041,
            "swa_9": 0.038049984723329544
        },
        "wol": {
            "wol_0": 0.039010073989629745,
            "wol_1": 0.03888476639986038,
            "wol_2": 0.04340429976582527,
            "wol_3": 0.07700693607330322,
            "wol_4": 0.04061109200119972,
            "wol_5": 0.0403946228325367,
            "wol_6": 0.1616741269826889,
            "wol_7": 0.031880758702754974,
            "wol_8": 0.034144069999456406,
            "wol_9": 0.04325588047504425
        },
        "yor": {
            "yor_0": 0.1391533613204956,
            "yor_1": 0.13243041932582855,
            "yor_2": 0.036450888961553574,
            "yor_3": 0.03317361697554588,
            "yor_4": 0.13801836967468262,
            "yor_5": 0.10386013239622116,
            "yor_6": 0.04066789150238037,
            "yor_7": 0.13518227636814117,
            "yor_8": 0.04044640064239502,
            "yor_9": 0.14152057468891144
        },
        "zh": {
            "zh_0": 0.09360092878341675,
            "zh_1": 0.11936742067337036,
            "zh_2": 0.13459086418151855,
            "zh_3": 0.1620745211839676,
            "zh_4": 0.0898737907409668,
            "zh_5": 0.16228948533535004,
            "zh_6": 0.1315334290266037,
            "zh_7": 0.13040734827518463,
            "zh_8": 0.14052323997020721,
            "zh_9": 0.14731454849243164
        }
    },
    "tydiqa": {
        "arabic": {
            "arabic-4449832350126320768-0": 0.05175149440765381,
            "arabic--3340323169760881569-0": 0.04428001120686531,
            "arabic-4544770624843559444-1": 0.050702277570962906,
            "arabic-891952409566422966-0": 0.04914596676826477,
            "arabic-3659291834714572527-0": 0.12203437089920044,
            "arabic-9215226117011890166-0": 0.04213079437613487,
            "arabic-6300896128538259469-0": 0.054814767092466354,
            "arabic-2382507508588518905-0": 0.047568123787641525,
            "arabic-1871632801094859741-1": 0.045186132192611694,
            "arabic--7365809756232083807-0": 0.04698643088340759
        },
        "russian": {
            "russian-3457655197371763238-61": 0.02543056756258011,
            "russian--1914807805318993335-49": 0.04609910026192665,
            "russian--3307989180606173904-1": 0.025566844269633293,
            "russian--2219512001175315660-0": 0.027533121407032013,
            "russian--7076080992904718941-0": 0.029112443327903748,
            "russian--6565862953558739013-1": 0.027114996686577797,
            "russian--5098374684590548031-42": 0.05013762786984444,
            "russian-3573734219967447693-1": 0.02862064354121685,
            "russian--4521001374120505750-6": 0.045188117772340775,
            "russian--1308382244018658424-9": 0.02847028709948063
        },
        "bengali": {
            "bengali--1199493965132146131-3": 0.08890596777200699,
            "bengali-1807801556888134437-2": 0.0874691978096962,
            "bengali-2113189855114052041-2": 0.09193005412817001,
            "bengali--2527914488250041207-0": 0.09815675765275955,
            "bengali--8260793280894408063-14": 0.09265189617872238,
            "bengali-8313009204852557186-4": 0.08790022134780884,
            "bengali--415964033364840061-0": 0.08461743593215942,
            "bengali--4696865548928858824-5": 0.0828520655632019,
            "bengali-6505224142472931712-1": 0.0844247117638588,
            "bengali-599666913917674019-13": 0.13085289299488068
        },
        "telugu": {
            "telugu--3977923017846260053-0": 0.03825412318110466,
            "telugu-2254198842560317781-0": 0.04021357372403145,
            "telugu-5435080895440121384-0": 0.033220626413822174,
            "telugu--1182505954974481191-2": 0.04804617166519165,
            "telugu-119276511844068401-0": 0.03474467992782593,