{
    "ner": {
        "amh": {
            "amh_0": 0.8295297026634216,
            "amh_1": 0.8476055264472961,
            "amh_2": 0.8282458782196045,
            "amh_3": 0.8377943634986877,
            "amh_4": 0.8660217523574829,
            "amh_5": 0.821677029132843,
            "amh_6": 0.8351601958274841,
            "amh_7": 0.8559083342552185,
            "amh_8": 0.830629289150238,
            "amh_9": 0.8586850166320801
        },
        "conll_2003_en": {
            "conll_2003_en_0": 0.9209128618240356,
            "conll_2003_en_1": 0.7415454983711243,
            "conll_2003_en_2": 0.6614232063293457,
            "conll_2003_en_3": 0.6369143128395081,
            "conll_2003_en_4": 0.8144293427467346,
            "conll_2003_en_5": 0.8320748805999756,
            "conll_2003_en_6": 1.0871294736862183,
            "conll_2003_en_7": 0.6889567375183105,
            "conll_2003_en_8": 0.7839131951332092,
            "conll_2003_en_9": 0.6991598606109619
        },
        "hau": {
            "hau_0": 0.6875872611999512,
            "hau_1": 0.5828081369400024,
            "hau_2": 0.8112362623214722,
            "hau_3": 0.6483622789382935,
            "hau_4": 0.625536322593689,
            "hau_5": 0.6645930409431458,
            "hau_6": 0.6812695264816284,
            "hau_7": 0.6736697554588318,
            "hau_8": 0.6843982934951782,
            "hau_9": 0.6844536662101746
        },
        "ibo": {
            "ibo_0": 0.6445190906524658,
            "ibo_1": 0.6719049215316772,
            "ibo_2": 0.6597249507904053,
            "ibo_3": 0.7329697608947754,
            "ibo_4": 0.6332206130027771,
            "ibo_5": 0.6428288221359253,
            "ibo_6": 0.6650859117507935,
            "ibo_7": 0.707349419593811,
            "ibo_8": 0.7126203179359436,
            "ibo_9": 0.6792976260185242
        },
        "kin": {
            "kin_0": 0.6686599254608154,
            "kin_1": 0.6409925818443298,
            "kin_2": 0.6435856819152832,
            "kin_3": 0.6253906488418579,
            "kin_4": 0.6434813737869263,
            "kin_5": 0.6924833655357361,
            "kin_6": 0.7140302062034607,
            "kin_7": 0.7018203139305115,
            "kin_8": 0.6318345069885254,
            "kin_9": 0.7239083051681519
        },
        "lug": {
            "lug_0": 0.6379042267799377,
            "lug_1": 0.6942655444145203,
            "lug_2": 0.6228569149971008,
            "lug_3": 0.645845890045166,
            "lug_4": 0.6721684336662292,
            "lug_5": 0.6630218625068665,
            "lug_6": 0.6251223087310791,
            "lug_7": 0.6295040249824524,
            "lug_8": 0.657482385635376,
            "lug_9": 0.648986279964447
        },
        "luo": {
            "luo_0": 0.6646810173988342,
            "luo_1": 0.6611117720603943,
            "luo_2": 0.6325122714042664,
            "luo_3": 0.683402419090271,
            "luo_4": 0.6569311022758484,
            "luo_5": 0.6939771771430969,
            "luo_6": 0.623793363571167,
            "luo_7": 0.6812809705734253,
            "luo_8": 0.662299394607544,
            "luo_9": 0.7301304340362549
        },
        "pcm": {
            "pcm_0": 0.6788398623466492,
            "pcm_1": 0.6466190218925476,
            "pcm_2": 0.7101536393165588,
            "pcm_3": 0.7022876143455505,
            "pcm_4": 0.6534826159477234,
            "pcm_5": 0.6768182516098022,
            "pcm_6": 0.6614137291908264,
            "pcm_7": 0.6712695956230164,
            "pcm_8": 0.6837613582611084,
            "pcm_9": 0.7039158344268799
        },
        "swa": {
            "swa_0": 0.6659774780273438,
            "swa_1": 0.6450340747833252,
            "swa_2": 0.7113505005836487,
            "swa_3": 0.6862380504608154,
            "swa_4": 0.6476728916168213,
            "swa_5": 0.7059943675994873,
            "swa_6": 0.6664580702781677,
            "swa_7": 0.7730081081390381,
            "swa_8": 0.6415054202079773,
            "swa_9": 0.7150707840919495
        },
        "wol": {
            "wol_0": 0.7030555009841919,
            "wol_1": 0.728373110294342,
            "wol_2": 0.645100474357605,
            "wol_3": 0.8097461462020874,
            "wol_4": 0.6708221435546875,
            "wol_5": 0.7064292430877686,
            "wol_6": 0.7943621873855591,
            "wol_7": 0.7104323506355286,
            "wol_8": 0.7159930467605591,
            "wol_9": 0.7019194960594177
        },
        "yor": {
            "yor_0": 0.7484967112541199,
            "yor_1": 0.8202340006828308,
            "yor_2": 0.7847902774810791,
            "yor_3": 0.7509221434593201,
            "yor_4": 0.9113336801528931,
            "yor_5": 0.8324176669120789,
            "yor_6": 0.7134799361228943,
            "yor_7": 0.7575286626815796,
            "yor_8": 0.714730978012085,
            "yor_9": 0.843574583530426
        },
        "zh": {
            "zh_0": 0.8833452463150024,
            "zh_1": 0.8588809370994568,
            "zh_2": 0.8505504727363586,
            "zh_3": 0.827053964138031,
            "zh_4": 0.9320163130760193,
            "zh_5": 0.8517143726348877,
            "zh_6": 0.8935890197753906,
            "zh_7": 0.8640078902244568,
            "zh_8": 0.8548818230628967,
            "zh_9": 0.875691831111908
        }
    },
    "tydiqa": {
        "arabic": {
            "arabic-4449832350126320768-0": 0.858974277973175,
            "arabic--3340323169760881569-0": 0.8299010992050171,
            "arabic-4544770624843559444-1": 0.8471643328666687,
            "arabic-891952409566422966-0": 0.8507038354873657,
            "arabic-3659291834714572527-0": 0.87343430519104,
            "arabic-9215226117011890166-0": 0.847576379776001,
            "arabic-6300896128538259469-0": 0.849568247795105,
            "arabic-2382507508588518905-0": 0.8624616265296936,
            "arabic-1871632801094859741-1": 0.8710825443267822,
            "arabic--7365809756232083807-0": 0.8395168781280518
        },
        "russian": {
            "russian-3457655197371763238-61": 0.6723234057426453,
            "russian--1914807805318993335-49": 0.7026493549346924,
            "russian--3307989180606173904-1": 0.6644439697265625,
            "russian--2219512001175315660-0": 0.6615235209465027,
            "russian--7076080992904718941-0": 0.692710280418396,
            "russian--6565862953558739013-1": 0.6758123636245728,
            "russian--5098374684590548031-42": 0.6722468733787537,
            "russian-3573734219967447693-1": 0.6549671292304993,
            "russian--4521001374120505750-6": 0.6773220300674438,
            "russian--1308382244018658424-9": 0.6780698299407959
        },
        "bengali": {
            "bengali--1199493965132146131-3": 0.7902780771255493,
            "bengali-1807801556888134437-2": 0.7783897519111633,
            "bengali-2113189855114052041-2": 0.776508629322052,
            "bengali--2527914488250041207-0": 0.8056129217147827,
            "bengali--8260793280894408063-14": 0.7856348156929016,
            "bengali-8313009204852557186-4": 0.7372578978538513,
            "bengali--415964033364840061-0": 0.7658663988113403,
            "bengali--4696865548928858824-5": 0.7561733722686768,
            "bengali-6505224142472931712-1": 0.7822851538658142,
            "bengali-599666913917674019-13": 0.7016609907150269
        },
        "telugu": {
            "telugu--3977923017846260053-0": 0.7872434854507446,
            "telugu-2254198842560317781-0": 0.7830749750137329,
            "telugu-5435080895440121384-0": 0.800881564617157,
            "telugu--1182505954974481191-2": 0.7912613153457642,
            "telugu-119276511844068401-0": 0.7962997555732727,
            "telugu--4111208545071789922-0": 0.7912477850914001,
            "telugu--5922002196428211484-132": 0.800589382648468,
            "telugu--1817004721681155192-3": 0.7724846005439758,