{
    "ner": {
        "amh": {
            "amh_0": 0.8477362990379333,
            "amh_1": 0.8584532141685486,
            "amh_2": 0.8523764610290527,
            "amh_3": 0.8048253655433655,
            "amh_4": 0.8351183533668518,
            "amh_5": 0.8506631255149841,
            "amh_6": 0.830879807472229,
            "amh_7": 0.876066267490387,
            "amh_8": 0.7252426147460938,
            "amh_9": 0.8418705463409424
        },
        "conll_2003_en": {
            "conll_2003_en_0": 0.6983453631401062,
            "conll_2003_en_1": 0.5164391994476318,
            "conll_2003_en_2": 0.5218632817268372,
            "conll_2003_en_3": 0.6758806109428406,
            "conll_2003_en_4": 0.3224939703941345,
            "conll_2003_en_5": 0.7565559148788452,
            "conll_2003_en_6": 0.9474928379058838,
            "conll_2003_en_7": 0.7045623660087585,
            "conll_2003_en_8": 0.7063366174697876,
            "conll_2003_en_9": 0.660156786441803
        },
        "hau": {
            "hau_0": 0.5720034241676331,
            "hau_1": 0.557607889175415,
            "hau_2": 0.45333313941955566,
            "hau_3": 0.6383159756660461,
            "hau_4": 0.5295735001564026,
            "hau_5": 0.5917056798934937,
            "hau_6": 0.7127326726913452,
            "hau_7": 0.6119123697280884,
            "hau_8": 0.6803430318832397,
            "hau_9": 0.6162561178207397
        },
        "ibo": {
            "ibo_0": 0.46875396370887756,
            "ibo_1": 0.6587624549865723,
            "ibo_2": 0.5101110935211182,
            "ibo_3": 0.737160325050354,
            "ibo_4": 0.5191960334777832,
            "ibo_5": 0.5233374238014221,
            "ibo_6": 0.40192925930023193,
            "ibo_7": 0.6351661086082458,
            "ibo_8": 0.7863137722015381,
            "ibo_9": 0.5914710760116577
        },
        "kin": {
            "kin_0": 0.6006236672401428,
            "kin_1": 0.4885185956954956,
            "kin_2": 0.6186224222183228,
            "kin_3": 0.43190985918045044,
            "kin_4": 0.5768812894821167,
            "kin_5": 0.32950180768966675,
            "kin_6": 0.6797221302986145,
            "kin_7": 0.5514221787452698,
            "kin_8": 0.510497510433197,
            "kin_9": 0.4835357964038849
        },
        "lug": {
            "lug_0": 0.6002270579338074,
            "lug_1": 0.6576059460639954,
            "lug_2": 0.5904332995414734,
            "lug_3": 0.5099945664405823,
            "lug_4": 0.6395033001899719,
            "lug_5": 0.5581768155097961,
            "lug_6": 0.5920414328575134,
            "lug_7": 0.44853416085243225,
            "lug_8": 0.4751737713813782,
            "lug_9": 0.6025331616401672
        },
        "luo": {
            "luo_0": 0.6675434112548828,
            "luo_1": 0.771450936794281,
            "luo_2": 0.6323703527450562,
            "luo_3": 0.6405540704727173,
            "luo_4": 0.5576542615890503,
            "luo_5": 0.5493120551109314,
            "luo_6": 0.43734464049339294,
            "luo_7": 0.7747340202331543,
            "luo_8": 0.672529399394989,
            "luo_9": 0.7176396250724792
        },
        "pcm": {
            "pcm_0": 0.7055034637451172,
            "pcm_1": 0.8643496036529541,
            "pcm_2": 0.6156491637229919,
            "pcm_3": 0.5851634740829468,
            "pcm_4": 0.543596088886261,
            "pcm_5": 0.7157780528068542,
            "pcm_6": 0.5915033221244812,
            "pcm_7": 0.6291162967681885,
            "pcm_8": 0.4688444137573242,
            "pcm_9": 0.2962000370025635
        },
        "swa": {
            "swa_0": 0.7503965497016907,
            "swa_1": 0.6473586559295654,
            "swa_2": 0.5315157175064087,
            "swa_3": 0.8893729448318481,
            "swa_4": 0.5528115630149841,
            "swa_5": 0.5666850805282593,
            "swa_6": 0.7216275930404663,
            "swa_7": 0.6654006242752075,
            "swa_8": 0.4474024474620819,
            "swa_9": 0.6238043308258057
        },
        "wol": {
            "wol_0": 0.6330182552337646,
            "wol_1": 0.6643650531768799,
            "wol_2": 0.5095128417015076,
            "wol_3": 0.6913335919380188,
            "wol_4": 0.5340629816055298,
            "wol_5": 0.6632757782936096,
            "wol_6": 0.732300877571106,
            "wol_7": 0.6521908044815063,
            "wol_8": 0.6731870770454407,
            "wol_9": 0.4087574779987335
        },
        "yor": {
            "yor_0": 0.6369128823280334,
            "yor_1": 0.6024019122123718,
            "yor_2": 0.4196775555610657,
            "yor_3": 0.6017662882804871,
            "yor_4": 0.6812386512756348,
            "yor_5": 0.6606122851371765,
            "yor_6": 0.6700912714004517,
            "yor_7": 0.6990354061126709,
            "yor_8": 0.5937161445617676,
            "yor_9": 0.8050147294998169
        },
        "zh": {
            "zh_0": 0.9224099516868591,
            "zh_1": 0.8467320203781128,
            "zh_2": 0.8324359655380249,
            "zh_3": 0.8172829151153564,
            "zh_4": 0.9039514064788818,
            "zh_5": 0.8753656148910522,
            "zh_6": 0.6894338726997375,
            "zh_7": 0.6978294253349304,
            "zh_8": 0.8618828058242798,
            "zh_9": 0.8376579284667969
        }
    },
    "tydiqa": {
        "arabic": {
            "arabic-4449832350126320768-0": 0.9753764867782593,
            "arabic--3340323169760881569-0": 0.8478437662124634,
            "arabic-4544770624843559444-1": 0.7975564002990723,
            "arabic-891952409566422966-0": 0.8171234726905823,
            "arabic-3659291834714572527-0": 0.9076979160308838,
            "arabic-9215226117011890166-0": 0.904309868812561,
            "arabic-6300896128538259469-0": 0.8618179559707642,
            "arabic-2382507508588518905-0": 0.8691403865814209,
            "arabic-1871632801094859741-1": 0.8452474474906921,
            "arabic--7365809756232083807-0": 0.8566409945487976
        },
        "russian": {
            "russian-3457655197371763238-61": 0.5850670337677002,
            "russian--1914807805318993335-49": 0.6588423252105713,
            "russian--3307989180606173904-1": 0.6080511808395386,
            "russian--2219512001175315660-0": 0.6279779076576233,
            "russian--7076080992904718941-0": 0.6177657246589661,
            "russian--6565862953558739013-1": 0.6469788551330566,
            "russian--5098374684590548031-42": 0.5847180485725403,
            "russian-3573734219967447693-1": 0.5370943546295166,
            "russian--4521001374120505750-6": 0.5005915760993958,
            "russian--1308382244018658424-9": 0.6273698806762695
        },
        "bengali": {
            "bengali--1199493965132146131-3": 0.7275676727294922,
            "bengali-1807801556888134437-2": 0.7471855878829956,
            "bengali-2113189855114052041-2": 0.6825962662696838,
            "bengali--2527914488250041207-0": 0.6992284655570984,
            "bengali--8260793280894408063-14": 0.7121383547782898,
            "bengali-8313009204852557186-4": 0.7308317422866821,
            "bengali--415964033364840061-0": 0.7093117237091064,
            "bengali--4696865548928858824-5": 0.7008693218231201,
            "bengali-6505224142472931712-1": 0.6790792942047119,
            "bengali-599666913917674019-13": 0.6984167695045471
        },
        "telugu": {
            "telugu--3977923017846260053-0": 0.7405750155448914,
            "telugu-2254198842560317781-0": 0.8127591013908386,
            "telugu-5435080895440121384-0": 0.7570967078208923,
            "telugu--1182505954974481191-2": 0.7643329501152039,
            "telugu-119276511844068401-0": 0.7610675096511841,
            "telugu--4111208545071789922-0": 0.7920905947685242,
            "telugu--5922002196428211484-132": 0.7590174674987793,
            "telugu--1817004721681155192-3": 0.7632067799568176,