{
    "ner": {
        "amh": {
            "amh_0": 0.8455508351325989,
            "amh_1": 0.8677425980567932,
            "amh_2": 0.8718773126602173,
            "amh_3": 0.8499314188957214,
            "amh_4": 0.8457739949226379,
            "amh_5": 0.7554941773414612,
            "amh_6": 0.8723945021629333,
            "amh_7": 0.7268998622894287,
            "amh_8": 0.8099037408828735,
            "amh_9": 0.8124741911888123
        },
        "conll_2003_en": {
            "conll_2003_en_0": 0.6375437378883362,
            "conll_2003_en_1": 0.6150230169296265,
            "conll_2003_en_2": 0.6244927644729614,
            "conll_2003_en_3": 0.5397286415100098,
            "conll_2003_en_4": 0.7143998742103577,
            "conll_2003_en_5": 0.7039497494697571,
            "conll_2003_en_6": 0.8580995202064514,
            "conll_2003_en_7": 0.6459269523620605,
            "conll_2003_en_8": 0.8078600168228149,
            "conll_2003_en_9": 0.6026973724365234
        },
        "hau": {
            "hau_0": 0.6079395413398743,
            "hau_1": 0.6355768442153931,
            "hau_2": 0.659237265586853,
            "hau_3": 0.5370897054672241,
            "hau_4": 0.5678830146789551,
            "hau_5": 0.5730605125427246,
            "hau_6": 0.6051843166351318,
            "hau_7": 0.61513352394104,
            "hau_8": 0.5911224484443665,
            "hau_9": 0.6325411796569824
        },
        "ibo": {
            "ibo_0": 0.6310279369354248,
            "ibo_1": 0.6334457397460938,
            "ibo_2": 0.6103861331939697,
            "ibo_3": 0.34725555777549744,
            "ibo_4": 0.5617267489433289,
            "ibo_5": 0.7597343325614929,
            "ibo_6": 0.5756855607032776,
            "ibo_7": 0.6255285739898682,
            "ibo_8": 0.6051837205886841,
            "ibo_9": 0.5144849419593811
        },
        "kin": {
            "kin_0": 0.6411625742912292,
            "kin_1": 0.713223934173584,
            "kin_2": 0.5424983501434326,
            "kin_3": 0.559628427028656,
            "kin_4": 0.5962828993797302,
            "kin_5": 0.6349971294403076,
            "kin_6": 0.6896835565567017,
            "kin_7": 0.5656529664993286,
            "kin_8": 0.4652796983718872,
            "kin_9": 0.5460333228111267
        },
        "lug": {
            "lug_0": 0.5625860095024109,
            "lug_1": 0.6314659714698792,
            "lug_2": 0.5726278424263,
            "lug_3": 0.6024114489555359,
            "lug_4": 0.4367072284221649,
            "lug_5": 0.5323578715324402,
            "lug_6": 0.47418153285980225,
            "lug_7": 0.5774964690208435,
            "lug_8": 0.605700671672821,
            "lug_9": 0.5988055467605591
        },
        "luo": {
            "luo_0": 0.6434609889984131,
            "luo_1": 0.45794716477394104,
            "luo_2": 0.5145322680473328,
            "luo_3": 0.5919508934020996,
            "luo_4": 0.6221365332603455,
            "luo_5": 0.6073458194732666,
            "luo_6": 0.5723399519920349,
            "luo_7": 0.5517357587814331,
            "luo_8": 0.542788028717041,
            "luo_9": 0.7959582805633545
        },
        "pcm": {
            "pcm_0": 0.517765462398529,
            "pcm_1": 0.5241382122039795,
            "pcm_2": 0.6177818179130554,
            "pcm_3": 0.570457935333252,
            "pcm_4": 0.6149098873138428,
            "pcm_5": 0.7320782542228699,
            "pcm_6": 0.5605790615081787,
            "pcm_7": 0.5154168605804443,
            "pcm_8": 0.5297662615776062,
            "pcm_9": 0.6209360361099243
        },
        "swa": {
            "swa_0": 0.6439003944396973,
            "swa_1": 0.47554099559783936,
            "swa_2": 0.5826724767684937,
            "swa_3": 0.5442267060279846,
            "swa_4": 0.5601522326469421,
            "swa_5": 0.5934985280036926,
            "swa_6": 0.5314276218414307,
            "swa_7": 0.5852671265602112,
            "swa_8": 0.530646026134491,
            "swa_9": 0.7020681500434875
        },
        "wol": {
            "wol_0": 0.5889999270439148,
            "wol_1": 0.6727311015129089,
            "wol_2": 0.6937260627746582,
            "wol_3": 0.786049485206604,
            "wol_4": 0.6905527710914612,
            "wol_5": 0.6092166900634766,
            "wol_6": 0.7182740569114685,
            "wol_7": 0.5320115089416504,
            "wol_8": 0.6932109594345093,
            "wol_9": 0.19769912958145142
        },
        "yor": {
            "yor_0": 0.6956062316894531,
            "yor_1": 0.675662100315094,
            "yor_2": 0.7088111639022827,
            "yor_3": 0.672546923160553,
            "yor_4": 0.7072906494140625,
            "yor_5": 0.6686741709709167,
            "yor_6": 0.6745089888572693,
            "yor_7": 0.7261940836906433,
            "yor_8": 0.6319067478179932,
            "yor_9": 0.8174710869789124
        },
        "zh": {
            "zh_0": 0.871914267539978,
            "zh_1": 0.8518635034561157,
            "zh_2": 0.7990028262138367,
            "zh_3": 0.8495609164237976,
            "zh_4": 0.8775190114974976,
            "zh_5": 0.873525083065033,
            "zh_6": 0.8054534196853638,
            "zh_7": 0.8709844350814819,
            "zh_8": 0.8018229007720947,
            "zh_9": 0.8575184345245361
        }
    },
    "tydiqa": {
        "arabic": {
            "arabic-4449832350126320768-0": 0.8418720960617065,
            "arabic--3340323169760881569-0": 0.8235652446746826,
            "arabic-4544770624843559444-1": 0.8145528435707092,
            "arabic-891952409566422966-0": 0.8479555249214172,
            "arabic-3659291834714572527-0": 0.8617649078369141,
            "arabic-9215226117011890166-0": 0.8156265020370483,
            "arabic-6300896128538259469-0": 0.8636359572410583,
            "arabic-2382507508588518905-0": 0.8622965216636658,
            "arabic-1871632801094859741-1": 0.8515728116035461,
            "arabic--7365809756232083807-0": 0.8253196477890015
        },
        "russian": {
            "russian-3457655197371763238-61": 0.6443367004394531,
            "russian--1914807805318993335-49": 0.6303485631942749,
            "russian--3307989180606173904-1": 0.6309871673583984,
            "russian--2219512001175315660-0": 0.6187354922294617,
            "russian--7076080992904718941-0": 0.5955848097801208,
            "russian--6565862953558739013-1": 0.6294109225273132,
            "russian--5098374684590548031-42": 0.5670562982559204,
            "russian-3573734219967447693-1": 0.6249470710754395,
            "russian--4521001374120505750-6": 0.6570805311203003,
            "russian--1308382244018658424-9": 0.594992995262146
        },
        "bengali": {
            "bengali--1199493965132146131-3": 0.6942245960235596,
            "bengali-1807801556888134437-2": 0.6975027322769165,
            "bengali-2113189855114052041-2": 0.6877620816230774,
            "bengali--2527914488250041207-0": 0.6858079433441162,
            "bengali--8260793280894408063-14": 0.6673174500465393,
            "bengali-8313009204852557186-4": 0.6878820061683655,
            "bengali--415964033364840061-0": 0.7074877023696899,
            "bengali--4696865548928858824-5": 0.682832658290863,
            "bengali-6505224142472931712-1": 0.7155957221984863,
            "bengali-599666913917674019-13": 0.6521942019462585
        },
        "telugu": {
            "telugu--3977923017846260053-0": 0.774528443813324,
            "telugu-2254198842560317781-0": 0.7846014499664307,
            "telugu-5435080895440121384-0": 0.7802481055259705,
            "telugu--1182505954974481191-2": 0.7703111171722412,
            "telugu-119276511844068401-0": 0.7779669165611267,
            "telugu--4111208545071789922-0": 0.7586484551429749,
            "telugu--5922002196428211484-132": 0.7626811265945435,
            "telugu--1817004721681155192-3": 0.7405256628990173,