{
    "ner": {
        "amh": {
            "amh_0": 0.8631649017333984,
            "amh_1": 0.8134556412696838,
            "amh_2": 0.8678420186042786,
            "amh_3": 0.8329165577888489,
            "amh_4": 0.8622198700904846,
            "amh_5": 0.8320915102958679,
            "amh_6": 0.8587548136711121,
            "amh_7": 0.8511080145835876,
            "amh_8": 0.8143793344497681,
            "amh_9": 0.8237960338592529
        },
        "conll_2003_en": {
            "conll_2003_en_0": 0.6725624799728394,
            "conll_2003_en_1": 0.6745274066925049,
            "conll_2003_en_2": 0.6424813866615295,
            "conll_2003_en_3": 0.6498750448226929,
            "conll_2003_en_4": 0.6766384243965149,
            "conll_2003_en_5": 0.7927564978599548,
            "conll_2003_en_6": 1.0359355211257935,
            "conll_2003_en_7": 0.6818678975105286,
            "conll_2003_en_8": 0.7375463843345642,
            "conll_2003_en_9": 0.6453970074653625
        },
        "hau": {
            "hau_0": 0.6488528251647949,
            "hau_1": 0.7327926754951477,
            "hau_2": 0.7814185619354248,
            "hau_3": 0.6297661066055298,
            "hau_4": 0.6311597228050232,
            "hau_5": 0.6539911031723022,
            "hau_6": 0.654579222202301,
            "hau_7": 0.6291273236274719,
            "hau_8": 0.6546478271484375,
            "hau_9": 0.6887254118919373
        },
        "ibo": {
            "ibo_0": 0.6400973796844482,
            "ibo_1": 0.6137138605117798,
            "ibo_2": 0.640917181968689,
            "ibo_3": 0.7538136839866638,
            "ibo_4": 0.6874364614486694,
            "ibo_5": 0.6792172789573669,
            "ibo_6": 0.6849302649497986,
            "ibo_7": 0.6816888451576233,
            "ibo_8": 0.6182898879051208,
            "ibo_9": 0.614081859588623
        },
        "kin": {
            "kin_0": 0.6709911227226257,
            "kin_1": 0.617994487285614,
            "kin_2": 0.6895788311958313,
            "kin_3": 0.6303912997245789,
            "kin_4": 0.6402503252029419,
            "kin_5": 0.7189161777496338,
            "kin_6": 0.6861491203308105,
            "kin_7": 0.6560375690460205,
            "kin_8": 0.5585235953330994,
            "kin_9": 0.5851539373397827
        },
        "lug": {
            "lug_0": 0.6283599734306335,
            "lug_1": 0.6623535752296448,
            "lug_2": 0.6334596872329712,
            "lug_3": 0.6279425621032715,
            "lug_4": 0.6023831367492676,
            "lug_5": 0.5765582919120789,
            "lug_6": 0.6210317015647888,
            "lug_7": 0.6058517694473267,
            "lug_8": 0.6198527216911316,
            "lug_9": 0.634266197681427
        },
        "luo": {
            "luo_0": 0.641109824180603,
            "luo_1": 0.6559339761734009,
            "luo_2": 0.6114566922187805,
            "luo_3": 0.590416669845581,
            "luo_4": 0.6368216872215271,
            "luo_5": 0.6736469864845276,
            "luo_6": 0.6351624131202698,
            "luo_7": 0.689627468585968,
            "luo_8": 0.6689350008964539,
            "luo_9": 0.8053427338600159
        },
        "pcm": {
            "pcm_0": 0.675045907497406,
            "pcm_1": 0.6876373291015625,
            "pcm_2": 0.6155803203582764,
            "pcm_3": 0.6428705453872681,
            "pcm_4": 0.632163405418396,
            "pcm_5": 0.6827316284179688,
            "pcm_6": 0.6477981805801392,
            "pcm_7": 0.6060165166854858,
            "pcm_8": 0.674900233745575,
            "pcm_9": 0.5862438082695007
        },
        "swa": {
            "swa_0": 0.681589663028717,
            "swa_1": 0.6575355529785156,
            "swa_2": 0.664046049118042,
            "swa_3": 0.6715458035469055,
            "swa_4": 0.6412365436553955,
            "swa_5": 0.6328868269920349,
            "swa_6": 0.6321523189544678,
            "swa_7": 0.6957839727401733,
            "swa_8": 0.6229742169380188,
            "swa_9": 0.662234365940094
        },
        "wol": {
            "wol_0": 0.6634260416030884,
            "wol_1": 0.7298632860183716,
            "wol_2": 0.6916730999946594,
            "wol_3": 0.7575708627700806,
            "wol_4": 0.686154842376709,
            "wol_5": 0.6808974742889404,
            "wol_6": 0.7737917304039001,
            "wol_7": 0.6566793322563171,
            "wol_8": 0.7015417218208313,
            "wol_9": 0.6434071063995361
        },
        "yor": {
            "yor_0": 0.8108222484588623,
            "yor_1": 0.7270839810371399,
            "yor_2": 0.7232606410980225,
            "yor_3": 0.6891698241233826,
            "yor_4": 0.7360851168632507,
            "yor_5": 0.7476480007171631,
            "yor_6": 0.7444041967391968,
            "yor_7": 0.7730122208595276,
            "yor_8": 0.6988111734390259,
            "yor_9": 0.8851271271705627
        },
        "zh": {
            "zh_0": 0.8896827101707458,
            "zh_1": 0.8522226214408875,
            "zh_2": 0.822295069694519,
            "zh_3": 0.8101531267166138,
            "zh_4": 0.9160335659980774,
            "zh_5": 0.9125927090644836,
            "zh_6": 0.8596733808517456,
            "zh_7": 0.8345521688461304,
            "zh_8": 0.8334031701087952,
            "zh_9": 0.8430309295654297
        }
    },
    "tydiqa": {
        "arabic": {
            "arabic-4449832350126320768-0": 0.8363316059112549,
            "arabic--3340323169760881569-0": 0.8020626306533813,
            "arabic-4544770624843559444-1": 0.8260850310325623,
            "arabic-891952409566422966-0": 0.8438751101493835,
            "arabic-3659291834714572527-0": 0.8805616497993469,
            "arabic-9215226117011890166-0": 0.8404140472412109,
            "arabic-6300896128538259469-0": 0.8580152988433838,
            "arabic-2382507508588518905-0": 0.8573294878005981,
            "arabic-1871632801094859741-1": 0.8678419589996338,
            "arabic--7365809756232083807-0": 0.8334492444992065
        },
        "russian": {
            "russian-3457655197371763238-61": 0.648669421672821,
            "russian--1914807805318993335-49": 0.6479315161705017,
            "russian--3307989180606173904-1": 0.6699187755584717,
            "russian--2219512001175315660-0": 0.6619532704353333,
            "russian--7076080992904718941-0": 0.6720442175865173,
            "russian--6565862953558739013-1": 0.6619755625724792,
            "russian--5098374684590548031-42": 0.6684188842773438,
            "russian-3573734219967447693-1": 0.6460909247398376,
            "russian--4521001374120505750-6": 0.6872024536132812,
            "russian--1308382244018658424-9": 0.6300012469291687
        },
        "bengali": {
            "bengali--1199493965132146131-3": 0.7184040546417236,
            "bengali-1807801556888134437-2": 0.7347245812416077,
            "bengali-2113189855114052041-2": 0.7718140482902527,
            "bengali--2527914488250041207-0": 0.7311912775039673,
            "bengali--8260793280894408063-14": 0.7478918433189392,
            "bengali-8313009204852557186-4": 0.7035543918609619,
            "bengali--415964033364840061-0": 0.7725415229797363,
            "bengali--4696865548928858824-5": 0.7775826454162598,
            "bengali-6505224142472931712-1": 0.7856001853942871,
            "bengali-599666913917674019-13": 0.7135405540466309
        },
        "telugu": {
            "telugu--3977923017846260053-0": 0.7805747985839844,
            "telugu-2254198842560317781-0": 0.7843820452690125,
            "telugu-5435080895440121384-0": 0.7810409665107727,
            "telugu--1182505954974481191-2": 0.7666868567466736,
            "telugu-119276511844068401-0": 0.7842912077903748,
            "telugu--4111208545071789922-0": 0.8005858659744263,
            "telugu--5922002196428211484-132": 0.785809338092804,
            "telugu--1817004721681155192-3": 0.7730351090431213,