{
    "ner": {
        "amh": {
            "amh_0": 0.8452128767967224,
            "amh_1": 0.8846654295921326,
            "amh_2": 0.8494352698326111,
            "amh_3": 0.8631533980369568,
            "amh_4": 0.8280182480812073,
            "amh_5": 0.7513871788978577,
            "amh_6": 0.8278953433036804,
            "amh_7": 0.7817581295967102,
            "amh_8": 0.8579968214035034,
            "amh_9": 0.872252881526947
        },
        "conll_2003_en": {
            "conll_2003_en_0": 0.6481418609619141,
            "conll_2003_en_1": 0.4285462498664856,
            "conll_2003_en_2": 0.57542884349823,
            "conll_2003_en_3": 0.4588644802570343,
            "conll_2003_en_4": 0.3904973864555359,
            "conll_2003_en_5": 0.7377527356147766,
            "conll_2003_en_6": 0.8467902541160583,
            "conll_2003_en_7": 0.8046545386314392,
            "conll_2003_en_8": 0.7489187717437744,
            "conll_2003_en_9": 0.6773370504379272
        },
        "hau": {
            "hau_0": 0.5061845183372498,
            "hau_1": 0.48421230912208557,
            "hau_2": 0.5430421233177185,
            "hau_3": 0.6488136053085327,
            "hau_4": 0.6256250143051147,
            "hau_5": 0.6044694781303406,
            "hau_6": 0.6254145503044128,
            "hau_7": 0.5769274830818176,
            "hau_8": 0.6360771656036377,
            "hau_9": 0.5819223523139954
        },
        "ibo": {
            "ibo_0": 0.6645501852035522,
            "ibo_1": 0.645966112613678,
            "ibo_2": 0.5298247337341309,
            "ibo_3": 0.6828473806381226,
            "ibo_4": 0.5143401026725769,
            "ibo_5": 0.7249284386634827,
            "ibo_6": 0.5600383877754211,
            "ibo_7": 0.5919496417045593,
            "ibo_8": 0.42394161224365234,
            "ibo_9": 0.6264632940292358
        },
        "kin": {
            "kin_0": 0.5677357316017151,
            "kin_1": 0.5878209471702576,
            "kin_2": 0.616917610168457,
            "kin_3": 0.5887929201126099,
            "kin_4": 0.6340736150741577,
            "kin_5": 0.7196186780929565,
            "kin_6": 0.6596336960792542,
            "kin_7": 0.6266240477561951,
            "kin_8": 0.6687471270561218,
            "kin_9": 0.45369595289230347
        },
        "lug": {
            "lug_0": 0.6114025712013245,
            "lug_1": 0.6222342848777771,
            "lug_2": 0.6254024505615234,
            "lug_3": 0.5276525020599365,
            "lug_4": 0.5631891489028931,
            "lug_5": 0.3691800832748413,
            "lug_6": 0.6757855415344238,
            "lug_7": 0.6802512407302856,
            "lug_8": 0.4725169837474823,
            "lug_9": 0.6440661549568176
        },
        "luo": {
            "luo_0": 0.5930731296539307,
            "luo_1": 0.5924228429794312,
            "luo_2": 0.654575526714325,
            "luo_3": 0.5051162838935852,
            "luo_4": 0.6824859380722046,
            "luo_5": 0.6623908281326294,
            "luo_6": 0.6040450930595398,
            "luo_7": 0.5416069030761719,
            "luo_8": 0.5474280714988708,
            "luo_9": 0.6470576524734497
        },
        "pcm": {
            "pcm_0": 0.675001323223114,
            "pcm_1": 0.6055517792701721,
            "pcm_2": 0.48877134919166565,
            "pcm_3": 0.6370929479598999,
            "pcm_4": 0.6041411757469177,
            "pcm_5": 0.7287766933441162,
            "pcm_6": 0.6675079464912415,
            "pcm_7": 0.5640010833740234,
            "pcm_8": 0.5844206809997559,
            "pcm_9": 0.5803347826004028
        },
        "swa": {
            "swa_0": 0.6138956546783447,
            "swa_1": 0.5165020227432251,
            "swa_2": 0.6239116191864014,
            "swa_3": 0.741760790348053,
            "swa_4": 0.5722140073776245,
            "swa_5": 0.564211368560791,
            "swa_6": 0.6345481276512146,
            "swa_7": 0.7402758598327637,
            "swa_8": 0.45127731561660767,
            "swa_9": 0.6954067945480347
        },
        "wol": {
            "wol_0": 0.5957273840904236,
            "wol_1": 0.6821079850196838,
            "wol_2": 0.44796743988990784,
            "wol_3": 0.8005746603012085,
            "wol_4": 0.7040408253669739,
            "wol_5": 0.6967482566833496,
            "wol_6": 0.6589613556861877,
            "wol_7": 0.7674648761749268,
            "wol_8": 0.7178876996040344,
            "wol_9": 0.3935907483100891
        },
        "yor": {
            "yor_0": 0.7158558368682861,
            "yor_1": 0.6530156135559082,
            "yor_2": 0.7559983134269714,
            "yor_3": 0.6356061697006226,
            "yor_4": 0.7757429480552673,
            "yor_5": 0.7062774896621704,
            "yor_6": 0.5709364414215088,
            "yor_7": 0.7728514075279236,
            "yor_8": 0.5470783114433289,
            "yor_9": 0.8002007007598877
        },
        "zh": {
            "zh_0": 0.8891932964324951,
            "zh_1": 0.8315808176994324,
            "zh_2": 0.8480914235115051,
            "zh_3": 0.8734580278396606,
            "zh_4": 0.9480858445167542,
            "zh_5": 0.8570180535316467,
            "zh_6": 0.855487048625946,
            "zh_7": 0.8599490523338318,
            "zh_8": 0.8779999017715454,
            "zh_9": 0.8192264437675476
        }
    },
    "tydiqa": {
        "arabic": {
            "arabic-4449832350126320768-0": 0.8463389873504639,
            "arabic--3340323169760881569-0": 0.73744797706604,
            "arabic-4544770624843559444-1": 0.8722307085990906,
            "arabic-891952409566422966-0": 0.8091627359390259,
            "arabic-3659291834714572527-0": 0.9060587286949158,
            "arabic-9215226117011890166-0": 0.8443859219551086,
            "arabic-6300896128538259469-0": 0.8598917126655579,
            "arabic-2382507508588518905-0": 0.8499636054039001,
            "arabic-1871632801094859741-1": 0.8559057116508484,
            "arabic--7365809756232083807-0": 0.8513450622558594
        },
        "russian": {
            "russian-3457655197371763238-61": 0.6637253761291504,
            "russian--1914807805318993335-49": 0.6180501580238342,
            "russian--3307989180606173904-1": 0.6177723407745361,
            "russian--2219512001175315660-0": 0.6749868988990784,
            "russian--7076080992904718941-0": 0.5936484336853027,
            "russian--6565862953558739013-1": 0.6184061169624329,
            "russian--5098374684590548031-42": 0.5176748037338257,
            "russian-3573734219967447693-1": 0.6059245467185974,
            "russian--4521001374120505750-6": 0.658155083656311,
            "russian--1308382244018658424-9": 0.6292703151702881
        },
        "bengali": {
            "bengali--1199493965132146131-3": 0.7028955221176147,
            "bengali-1807801556888134437-2": 0.7069041728973389,
            "bengali-2113189855114052041-2": 0.6936194896697998,
            "bengali--2527914488250041207-0": 0.7014201283454895,
            "bengali--8260793280894408063-14": 0.722188413143158,
            "bengali-8313009204852557186-4": 0.6925631761550903,
            "bengali--415964033364840061-0": 0.7081066966056824,
            "bengali--4696865548928858824-5": 0.6929057240486145,
            "bengali-6505224142472931712-1": 0.6841027736663818,
            "bengali-599666913917674019-13": 0.680359423160553
        },
        "telugu": {
            "telugu--3977923017846260053-0": 0.7403308749198914,
            "telugu-2254198842560317781-0": 0.7873532772064209,
            "telugu-5435080895440121384-0": 0.7391708493232727,
            "telugu--1182505954974481191-2": 0.7613505721092224,
            "telugu-119276511844068401-0": 0.7803630232810974,
            "telugu--4111208545071789922-0": 0.7792716026306152,
            "telugu--5922002196428211484-132": 0.7374556064605713,
            "telugu--1817004721681155192-3": 0.7696263194084167,