{
    "ner": {
        "amh": {
            "amh_0": 0.8596082925796509,
            "amh_1": 0.870054304599762,
            "amh_2": 0.8511709570884705,
            "amh_3": 0.8578638434410095,
            "amh_4": 0.8698382377624512,
            "amh_5": 0.8508033752441406,
            "amh_6": 0.8807291984558105,
            "amh_7": 0.8484802842140198,
            "amh_8": 0.8597785234451294,
            "amh_9": 0.8533992171287537
        },
        "conll_2003_en": {
            "conll_2003_en_0": 0.8278595209121704,
            "conll_2003_en_1": 0.7885185480117798,
            "conll_2003_en_2": 0.6997165083885193,
            "conll_2003_en_3": 0.6721246838569641,
            "conll_2003_en_4": 0.7295562624931335,
            "conll_2003_en_5": 0.8559156656265259,
            "conll_2003_en_6": 0.9084306359291077,
            "conll_2003_en_7": 0.8452847003936768,
            "conll_2003_en_8": 0.8602458238601685,
            "conll_2003_en_9": 0.723755419254303
        },
        "hau": {
            "hau_0": 0.7053020000457764,
            "hau_1": 0.6843807697296143,
            "hau_2": 0.884026288986206,
            "hau_3": 0.6986416578292847,
            "hau_4": 0.6828686594963074,
            "hau_5": 0.7043046355247498,
            "hau_6": 0.6982991695404053,
            "hau_7": 0.7229548096656799,
            "hau_8": 0.712812602519989,
            "hau_9": 0.6967189908027649
        },
        "ibo": {
            "ibo_0": 0.7114412784576416,
            "ibo_1": 0.7242258191108704,
            "ibo_2": 0.6909933686256409,
            "ibo_3": 0.7775751352310181,
            "ibo_4": 0.6896424293518066,
            "ibo_5": 0.7217172980308533,
            "ibo_6": 0.7023265361785889,
            "ibo_7": 0.7291035652160645,
            "ibo_8": 0.7067244648933411,
            "ibo_9": 0.7044261693954468
        },
        "kin": {
            "kin_0": 0.7065565586090088,
            "kin_1": 0.7032192945480347,
            "kin_2": 0.6681054830551147,
            "kin_3": 0.6764548420906067,
            "kin_4": 0.7073168754577637,
            "kin_5": 0.6575034856796265,
            "kin_6": 0.7224652767181396,
            "kin_7": 0.7271486520767212,
            "kin_8": 0.6631945967674255,
            "kin_9": 0.7093216180801392
        },
        "lug": {
            "lug_0": 0.6763703227043152,
            "lug_1": 0.702318549156189,
            "lug_2": 0.6837164163589478,
            "lug_3": 0.6777443885803223,
            "lug_4": 0.6774485111236572,
            "lug_5": 0.6904999017715454,
            "lug_6": 0.6755460500717163,
            "lug_7": 0.6770144701004028,
            "lug_8": 0.6500296592712402,
            "lug_9": 0.6852847933769226
        },
        "luo": {
            "luo_0": 0.7112063765525818,
            "luo_1": 0.7305712103843689,
            "luo_2": 0.6756420135498047,
            "luo_3": 0.6826549768447876,
            "luo_4": 0.6615238189697266,
            "luo_5": 0.7111810445785522,
            "luo_6": 0.7064590454101562,
            "luo_7": 0.7227350473403931,
            "luo_8": 0.6967062950134277,
            "luo_9": 0.7740768194198608
        },
        "pcm": {
            "pcm_0": 0.7644447088241577,
            "pcm_1": 0.7716198563575745,
            "pcm_2": 0.7405220866203308,
            "pcm_3": 0.7164320349693298,
            "pcm_4": 0.6980577111244202,
            "pcm_5": 0.7400860786437988,
            "pcm_6": 0.7014151215553284,
            "pcm_7": 0.6875950694084167,
            "pcm_8": 0.6895670294761658,
            "pcm_9": 0.7072867751121521
        },
        "swa": {
            "swa_0": 0.6924697756767273,
            "swa_1": 0.697752058506012,
            "swa_2": 0.7105003595352173,
            "swa_3": 0.7087364196777344,
            "swa_4": 0.6965852975845337,
            "swa_5": 0.7019906640052795,
            "swa_6": 0.7107763886451721,
            "swa_7": 0.6682372093200684,
            "swa_8": 0.6421453356742859,
            "swa_9": 0.7055271863937378
        },
        "wol": {
            "wol_0": 0.7292969226837158,
            "wol_1": 0.7370760440826416,
            "wol_2": 0.7392277717590332,
            "wol_3": 0.8376412391662598,
            "wol_4": 0.7609951496124268,
            "wol_5": 0.7416485548019409,
            "wol_6": 0.9170886278152466,
            "wol_7": 0.7269003391265869,
            "wol_8": 0.7522979974746704,
            "wol_9": 0.6765987277030945
        },
        "yor": {
            "yor_0": 0.8477779626846313,
            "yor_1": 0.8532003164291382,
            "yor_2": 0.787148118019104,
            "yor_3": 0.7426958680152893,
            "yor_4": 0.8827893733978271,
            "yor_5": 0.8555854558944702,
            "yor_6": 0.759428083896637,
            "yor_7": 0.8240930438041687,
            "yor_8": 0.7459381818771362,
            "yor_9": 0.883643388748169
        },
        "zh": {
            "zh_0": 0.9169478416442871,
            "zh_1": 0.8894588947296143,
            "zh_2": 0.8891913890838623,
            "zh_3": 0.9107646346092224,
            "zh_4": 0.9247915148735046,
            "zh_5": 0.9092733263969421,
            "zh_6": 0.9003627300262451,
            "zh_7": 0.8868969082832336,
            "zh_8": 0.8884187936782837,
            "zh_9": 0.904600977897644
        }
    },
    "tydiqa": {
        "arabic": {
            "arabic-4449832350126320768-0": 0.8728538751602173,
            "arabic--3340323169760881569-0": 0.8591839671134949,
            "arabic-4544770624843559444-1": 0.8752672076225281,
            "arabic-891952409566422966-0": 0.8731247186660767,
            "arabic-3659291834714572527-0": 0.895842969417572,
            "arabic-9215226117011890166-0": 0.8735464215278625,
            "arabic-6300896128538259469-0": 0.8755935430526733,
            "arabic-2382507508588518905-0": 0.8867441415786743,
            "arabic-1871632801094859741-1": 0.8907354474067688,
            "arabic--7365809756232083807-0": 0.8599945306777954
        },
        "russian": {
            "russian-3457655197371763238-61": 0.6850967407226562,
            "russian--1914807805318993335-49": 0.7023103833198547,
            "russian--3307989180606173904-1": 0.6899010539054871,
            "russian--2219512001175315660-0": 0.6943170428276062,
            "russian--7076080992904718941-0": 0.7121103405952454,
            "russian--6565862953558739013-1": 0.6935269236564636,
            "russian--5098374684590548031-42": 0.704122006893158,
            "russian-3573734219967447693-1": 0.6752431988716125,
            "russian--4521001374120505750-6": 0.7053561210632324,
            "russian--1308382244018658424-9": 0.695436954498291
        },
        "bengali": {
            "bengali--1199493965132146131-3": 0.7805127501487732,
            "bengali-1807801556888134437-2": 0.7676798105239868,
            "bengali-2113189855114052041-2": 0.7818700671195984,
            "bengali--2527914488250041207-0": 0.7818263173103333,
            "bengali--8260793280894408063-14": 0.7839391231536865,
            "bengali-8313009204852557186-4": 0.7770729064941406,
            "bengali--415964033364840061-0": 0.791090726852417,
            "bengali--4696865548928858824-5": 0.7754335999488831,
            "bengali-6505224142472931712-1": 0.7728532552719116,
            "bengali-599666913917674019-13": 0.7341136336326599
        },
        "telugu": {
            "telugu--3977923017846260053-0": 0.7967026233673096,
            "telugu-2254198842560317781-0": 0.7992950677871704,
            "telugu-5435080895440121384-0": 0.7943025231361389,
            "telugu--1182505954974481191-2": 0.7904033660888672,
            "telugu-119276511844068401-0": 0.7966036796569824,
            "telugu--4111208545071789922-0": 0.7980908155441284,
            "telugu--5922002196428211484-132": 0.799348771572113,
            "telugu--1817004721681155192-3": 0.7760412693023682,