{
    "ner": {
        "amh": {
            "amh_0": 0.8428155779838562,
            "amh_1": 0.8226169347763062,
            "amh_2": 0.8978754281997681,
            "amh_3": 0.797261655330658,
            "amh_4": 0.8174034953117371,
            "amh_5": 0.7774199843406677,
            "amh_6": 0.8046575784683228,
            "amh_7": 0.790790855884552,
            "amh_8": 0.8405044674873352,
            "amh_9": 0.8361900448799133
        },
        "conll_2003_en": {
            "conll_2003_en_0": 0.7354825735092163,
            "conll_2003_en_1": 0.5806424021720886,
            "conll_2003_en_2": 0.6044241189956665,
            "conll_2003_en_3": 0.6365775465965271,
            "conll_2003_en_4": 0.6933672428131104,
            "conll_2003_en_5": 0.7514974474906921,
            "conll_2003_en_6": 0.8491813540458679,
            "conll_2003_en_7": 0.6264393329620361,
            "conll_2003_en_8": 0.859714686870575,
            "conll_2003_en_9": 0.5877463817596436
        },
        "hau": {
            "hau_0": 0.6265194416046143,
            "hau_1": 0.6577304005622864,
            "hau_2": 0.7467198371887207,
            "hau_3": 0.5867865681648254,
            "hau_4": 0.6011427640914917,
            "hau_5": 0.5555887222290039,
            "hau_6": 0.6431022882461548,
            "hau_7": 0.6252321600914001,
            "hau_8": 0.5860615968704224,
            "hau_9": 0.5864958763122559
        },
        "ibo": {
            "ibo_0": 0.5672904253005981,
            "ibo_1": 0.6545326709747314,
            "ibo_2": 0.5929831862449646,
            "ibo_3": 0.6805030107498169,
            "ibo_4": 0.6126387119293213,
            "ibo_5": 0.5666016340255737,
            "ibo_6": 0.5721932053565979,
            "ibo_7": 0.6166611313819885,
            "ibo_8": 0.5224592685699463,
            "ibo_9": 0.5831390619277954
        },
        "kin": {
            "kin_0": 0.6133204102516174,
            "kin_1": 0.6148842573165894,
            "kin_2": 0.7212166786193848,
            "kin_3": 0.5121265053749084,
            "kin_4": 0.5800908207893372,
            "kin_5": 0.7057103514671326,
            "kin_6": 0.5904805660247803,
            "kin_7": 0.6433975100517273,
            "kin_8": 0.6212757229804993,
            "kin_9": 0.6551744341850281
        },
        "lug": {
            "lug_0": 0.5827735662460327,
            "lug_1": 0.6005058288574219,
            "lug_2": 0.5701234936714172,
            "lug_3": 0.5660509467124939,
            "lug_4": 0.4823285937309265,
            "lug_5": 0.5830792188644409,
            "lug_6": 0.5449435710906982,
            "lug_7": 0.5762566328048706,
            "lug_8": 0.6037015914916992,
            "lug_9": 0.4913952946662903
        },
        "luo": {
            "luo_0": 0.5854058861732483,
            "luo_1": 0.44388702511787415,
            "luo_2": 0.4930092692375183,
            "luo_3": 0.5474146604537964,
            "luo_4": 0.5238439440727234,
            "luo_5": 0.6507589221000671,
            "luo_6": 0.5438487529754639,
            "luo_7": 0.7650893926620483,
            "luo_8": 0.5327534675598145,
            "luo_9": 0.6070735454559326
        },
        "pcm": {
            "pcm_0": 0.6157549023628235,
            "pcm_1": 0.665802001953125,
            "pcm_2": 0.6008175015449524,
            "pcm_3": 0.5760524868965149,
            "pcm_4": 0.5010231137275696,
            "pcm_5": 0.6956707239151001,
            "pcm_6": 0.5892274379730225,
            "pcm_7": 0.5570800304412842,
            "pcm_8": 0.5701244473457336,
            "pcm_9": 0.5702363848686218
        },
        "swa": {
            "swa_0": 0.607981264591217,
            "swa_1": 0.6685320138931274,
            "swa_2": 0.612536609172821,
            "swa_3": 0.6416029334068298,
            "swa_4": 0.6371284127235413,
            "swa_5": 0.5447499752044678,
            "swa_6": 0.5959151983261108,
            "swa_7": 0.5860137343406677,
            "swa_8": 0.5839053392410278,
            "swa_9": 0.6582638025283813
        },
        "wol": {
            "wol_0": 0.6565404534339905,
            "wol_1": 0.6471282243728638,
            "wol_2": 0.5785281658172607,
            "wol_3": 0.8108327388763428,
            "wol_4": 0.6791803240776062,
            "wol_5": 0.583035409450531,
            "wol_6": 0.6943820118904114,
            "wol_7": 0.607734739780426,
            "wol_8": 0.7645900249481201,
            "wol_9": 0.44220465421676636
        },
        "yor": {
            "yor_0": 0.7636045813560486,
            "yor_1": 0.6992940306663513,
            "yor_2": 0.6906905174255371,
            "yor_3": 0.7190713286399841,
            "yor_4": 0.6042712926864624,
            "yor_5": 0.6493270993232727,
            "yor_6": 0.7350561618804932,
            "yor_7": 0.630616307258606,
            "yor_8": 0.6522746086120605,
            "yor_9": 0.7007972598075867
        },
        "zh": {
            "zh_0": 0.8856254816055298,
            "zh_1": 0.8483908176422119,
            "zh_2": 0.8557754755020142,
            "zh_3": 0.8481451272964478,
            "zh_4": 0.8253108263015747,
            "zh_5": 0.9397002458572388,
            "zh_6": 0.8556442856788635,
            "zh_7": 0.8566383123397827,
            "zh_8": 0.8857454657554626,
            "zh_9": 0.8487484455108643
        }
    },
    "tydiqa": {
        "arabic": {
            "arabic-4449832350126320768-0": 0.8531404137611389,
            "arabic--3340323169760881569-0": 0.7605223059654236,
            "arabic-4544770624843559444-1": 0.8205550312995911,
            "arabic-891952409566422966-0": 0.7962074279785156,
            "arabic-3659291834714572527-0": 0.8203362822532654,
            "arabic-9215226117011890166-0": 0.8316181302070618,
            "arabic-6300896128538259469-0": 0.8405693173408508,
            "arabic-2382507508588518905-0": 0.8350465893745422,
            "arabic-1871632801094859741-1": 0.8413906693458557,
            "arabic--7365809756232083807-0": 0.8288230299949646
        },
        "russian": {
            "russian-3457655197371763238-61": 0.6244368553161621,
            "russian--1914807805318993335-49": 0.6185558438301086,
            "russian--3307989180606173904-1": 0.6507259607315063,
            "russian--2219512001175315660-0": 0.6191222667694092,
            "russian--7076080992904718941-0": 0.6345338225364685,
            "russian--6565862953558739013-1": 0.6329545378684998,
            "russian--5098374684590548031-42": 0.5625331401824951,
            "russian-3573734219967447693-1": 0.6174960732460022,
            "russian--4521001374120505750-6": 0.6743918657302856,
            "russian--1308382244018658424-9": 0.6403456926345825
        },
        "bengali": {
            "bengali--1199493965132146131-3": 0.7056655287742615,
            "bengali-1807801556888134437-2": 0.7148743271827698,
            "bengali-2113189855114052041-2": 0.7205892205238342,
            "bengali--2527914488250041207-0": 0.7033906579017639,
            "bengali--8260793280894408063-14": 0.736009418964386,
            "bengali-8313009204852557186-4": 0.7006285786628723,
            "bengali--415964033364840061-0": 0.7167363166809082,
            "bengali--4696865548928858824-5": 0.6926522850990295,
            "bengali-6505224142472931712-1": 0.7081791162490845,
            "bengali-599666913917674019-13": 0.6901447176933289
        },
        "telugu": {
            "telugu--3977923017846260053-0": 0.7627058625221252,
            "telugu-2254198842560317781-0": 0.7790990471839905,
            "telugu-5435080895440121384-0": 0.7702085971832275,
            "telugu--1182505954974481191-2": 0.7586562633514404,
            "telugu-119276511844068401-0": 0.7607457637786865,
            "telugu--4111208545071789922-0": 0.7583602070808411,
            "telugu--5922002196428211484-132": 0.7940776348114014,
            "telugu--1817004721681155192-3": 0.772915244102478,