{
    "ner": {
        "amh": {
            "amh_0": 0.8484153151512146,
            "amh_1": 0.8106431365013123,
            "amh_2": 0.8321678638458252,
            "amh_3": 0.8635076880455017,
            "amh_4": 0.8164534568786621,
            "amh_5": 0.7772364020347595,
            "amh_6": 0.8302693963050842,
            "amh_7": 0.8808590769767761,
            "amh_8": 0.8761839866638184,
            "amh_9": 0.8076586127281189
        },
        "conll_2003_en": {
            "conll_2003_en_0": 0.8001042008399963,
            "conll_2003_en_1": 0.7376861572265625,
            "conll_2003_en_2": 0.6044729351997375,
            "conll_2003_en_3": 0.6208539605140686,
            "conll_2003_en_4": 0.517718493938446,
            "conll_2003_en_5": 0.7552361488342285,
            "conll_2003_en_6": 0.9105647206306458,
            "conll_2003_en_7": 0.7816717028617859,
            "conll_2003_en_8": 0.43445026874542236,
            "conll_2003_en_9": 0.6743406653404236
        },
        "hau": {
            "hau_0": 0.662464439868927,
            "hau_1": 0.6768419742584229,
            "hau_2": 0.6352723836898804,
            "hau_3": 0.5757333636283875,
            "hau_4": 0.5869518518447876,
            "hau_5": 0.6667346358299255,
            "hau_6": 0.622862696647644,
            "hau_7": 0.6740190386772156,
            "hau_8": 0.5943819284439087,
            "hau_9": 0.5854353308677673
        },
        "ibo": {
            "ibo_0": 0.6121611595153809,
            "ibo_1": 0.611436665058136,
            "ibo_2": 0.5809124708175659,
            "ibo_3": 0.655128538608551,
            "ibo_4": 0.6795746088027954,
            "ibo_5": 0.6636826395988464,
            "ibo_6": 0.6509973406791687,
            "ibo_7": 0.6611354947090149,
            "ibo_8": 0.7425717115402222,
            "ibo_9": 0.5888310074806213
        },
        "kin": {
            "kin_0": 0.6630733609199524,
            "kin_1": 0.6213058233261108,
            "kin_2": 0.7055374383926392,
            "kin_3": 0.6187750101089478,
            "kin_4": 0.6424826979637146,
            "kin_5": 0.6915122270584106,
            "kin_6": 0.6724528670310974,
            "kin_7": 0.6591271758079529,
            "kin_8": 0.6517480611801147,
            "kin_9": 0.6101551651954651
        },
        "lug": {
            "lug_0": 0.5783689618110657,
            "lug_1": 0.574474036693573,
            "lug_2": 0.644443154335022,
            "lug_3": 0.617597222328186,
            "lug_4": 0.5980893969535828,
            "lug_5": 0.6499392986297607,
            "lug_6": 0.6265985369682312,
            "lug_7": 0.6655777096748352,
            "lug_8": 0.616809070110321,
            "lug_9": 0.7059043645858765
        },
        "luo": {
            "luo_0": 0.6101469397544861,
            "luo_1": 0.542879581451416,
            "luo_2": 0.6082305312156677,
            "luo_3": 0.6045971512794495,
            "luo_4": 0.6690129041671753,
            "luo_5": 0.7142276167869568,
            "luo_6": 0.6370725631713867,
            "luo_7": 0.6952844262123108,
            "luo_8": 0.6023193597793579,
            "luo_9": 0.6904955506324768
        },
        "pcm": {
            "pcm_0": 0.6012430787086487,
            "pcm_1": 0.7270330190658569,
            "pcm_2": 0.6796891093254089,
            "pcm_3": 0.6036255359649658,
            "pcm_4": 0.527732253074646,
            "pcm_5": 0.617097795009613,
            "pcm_6": 0.6656690239906311,
            "pcm_7": 0.5026563405990601,
            "pcm_8": 0.6104699969291687,
            "pcm_9": 0.6492785811424255
        },
        "swa": {
            "swa_0": 0.6485645771026611,
            "swa_1": 0.6707756519317627,
            "swa_2": 0.6502295732498169,
            "swa_3": 0.6307121515274048,
            "swa_4": 0.6321210265159607,
            "swa_5": 0.6424506902694702,
            "swa_6": 0.6576640605926514,
            "swa_7": 0.5998339653015137,
            "swa_8": 0.6153925061225891,
            "swa_9": 0.6404092311859131
        },
        "wol": {
            "wol_0": 0.6501608490943909,
            "wol_1": 0.7490394711494446,
            "wol_2": 0.6960868835449219,
            "wol_3": 0.6927351951599121,
            "wol_4": 0.7324779033660889,
            "wol_5": 0.713509202003479,
            "wol_6": 0.7903474569320679,
            "wol_7": 0.7121829986572266,
            "wol_8": 0.718381404876709,
            "wol_9": 0.5409994721412659
        },
        "yor": {
            "yor_0": 0.805936872959137,
            "yor_1": 0.7162078022956848,
            "yor_2": 0.6966803073883057,
            "yor_3": 0.6399416327476501,
            "yor_4": 0.672067403793335,
            "yor_5": 0.73810875415802,
            "yor_6": 0.7119484543800354,
            "yor_7": 0.7610951066017151,
            "yor_8": 0.6643560528755188,
            "yor_9": 0.7610222697257996
        },
        "zh": {
            "zh_0": 0.8314998745918274,
            "zh_1": 0.856902003288269,
            "zh_2": 0.8368954658508301,
            "zh_3": 0.8735684156417847,
            "zh_4": 0.8350187540054321,
            "zh_5": 0.7766578793525696,
            "zh_6": 0.8549494743347168,
            "zh_7": 0.8517143726348877,
            "zh_8": 0.868043065071106,
            "zh_9": 0.8263200521469116
        }
    },
    "tydiqa": {
        "arabic": {
            "arabic-4449832350126320768-0": 0.8264899253845215,
            "arabic--3340323169760881569-0": 0.8381606936454773,
            "arabic-4544770624843559444-1": 0.8283541798591614,
            "arabic-891952409566422966-0": 0.8289002776145935,
            "arabic-3659291834714572527-0": 0.9035933613777161,
            "arabic-9215226117011890166-0": 0.8278599381446838,
            "arabic-6300896128538259469-0": 0.8326795697212219,
            "arabic-2382507508588518905-0": 0.8431022763252258,
            "arabic-1871632801094859741-1": 0.8396890163421631,
            "arabic--7365809756232083807-0": 0.829592764377594
        },
        "russian": {
            "russian-3457655197371763238-61": 0.6165081262588501,
            "russian--1914807805318993335-49": 0.6447284817695618,
            "russian--3307989180606173904-1": 0.6715832352638245,
            "russian--2219512001175315660-0": 0.6353697776794434,
            "russian--7076080992904718941-0": 0.6603835225105286,
            "russian--6565862953558739013-1": 0.6702572107315063,
            "russian--5098374684590548031-42": 0.6629571318626404,
            "russian-3573734219967447693-1": 0.6280927062034607,
            "russian--4521001374120505750-6": 0.666230320930481,
            "russian--1308382244018658424-9": 0.6444634199142456
        },
        "bengali": {
            "bengali--1199493965132146131-3": 0.7129688858985901,
            "bengali-1807801556888134437-2": 0.7119171619415283,
            "bengali-2113189855114052041-2": 0.7126365900039673,
            "bengali--2527914488250041207-0": 0.7191822528839111,
            "bengali--8260793280894408063-14": 0.7208167910575867,
            "bengali-8313009204852557186-4": 0.6987032890319824,
            "bengali--415964033364840061-0": 0.7219218611717224,
            "bengali--4696865548928858824-5": 0.7068489193916321,
            "bengali-6505224142472931712-1": 0.7195432186126709,
            "bengali-599666913917674019-13": 0.6720247864723206
        },
        "telugu": {
            "telugu--3977923017846260053-0": 0.7857816219329834,
            "telugu-2254198842560317781-0": 0.7552361488342285,
            "telugu-5435080895440121384-0": 0.7772935628890991,
            "telugu--1182505954974481191-2": 0.7464244365692139,
            "telugu-119276511844068401-0": 0.7676632404327393,
            "telugu--4111208545071789922-0": 0.7872350811958313,
            "telugu--5922002196428211484-132": 0.7900682091712952,
            "telugu--1817004721681155192-3": 0.7799432873725891,