{
    "ner": {
        "amh": {
            "amh_0": 0.8793594241142273,
            "amh_1": 0.9018903970718384,
            "amh_2": 0.8785967826843262,
            "amh_3": 0.8774377703666687,
            "amh_4": 0.8930203914642334,
            "amh_5": 0.8810036182403564,
            "amh_6": 0.8982369899749756,
            "amh_7": 0.8758130073547363,
            "amh_8": 0.877846896648407,
            "amh_9": 0.87725830078125
        },
        "conll_2003_en": {
            "conll_2003_en_0": 0.8894994258880615,
            "conll_2003_en_1": 0.8260016441345215,
            "conll_2003_en_2": 0.7586872577667236,
            "conll_2003_en_3": 0.7394438982009888,
            "conll_2003_en_4": 0.7737412452697754,
            "conll_2003_en_5": 0.9235794544219971,
            "conll_2003_en_6": 0.9408612847328186,
            "conll_2003_en_7": 0.8785645961761475,
            "conll_2003_en_8": 0.9161434769630432,
            "conll_2003_en_9": 0.761034369468689
        },
        "hau": {
            "hau_0": 0.7439703345298767,
            "hau_1": 0.7344486713409424,
            "hau_2": 0.9250243306159973,
            "hau_3": 0.7441655993461609,
            "hau_4": 0.7302984595298767,
            "hau_5": 0.7448700070381165,
            "hau_6": 0.7417593598365784,
            "hau_7": 0.7596662640571594,
            "hau_8": 0.7579392790794373,
            "hau_9": 0.742156445980072
        },
        "ibo": {
            "ibo_0": 0.7530716061592102,
            "ibo_1": 0.7675182819366455,
            "ibo_2": 0.7336894273757935,
            "ibo_3": 0.7752034068107605,
            "ibo_4": 0.7406339049339294,
            "ibo_5": 0.7646658420562744,
            "ibo_6": 0.7363393306732178,
            "ibo_7": 0.7711873650550842,
            "ibo_8": 0.7542934417724609,
            "ibo_9": 0.7477588057518005
        },
        "kin": {
            "kin_0": 0.748538076877594,
            "kin_1": 0.7460987567901611,
            "kin_2": 0.704630970954895,
            "kin_3": 0.7176161408424377,
            "kin_4": 0.7529125213623047,
            "kin_5": 0.7112470865249634,
            "kin_6": 0.7636862397193909,
            "kin_7": 0.7648748755455017,
            "kin_8": 0.707100510597229,
            "kin_9": 0.7528032660484314
        },
        "lug": {
            "lug_0": 0.7257353067398071,
            "lug_1": 0.7461037635803223,
            "lug_2": 0.7311437129974365,
            "lug_3": 0.7194368839263916,
            "lug_4": 0.7328311800956726,
            "lug_5": 0.731203019618988,
            "lug_6": 0.7259268760681152,
            "lug_7": 0.7169069647789001,
            "lug_8": 0.7184240818023682,
            "lug_9": 0.7297382354736328
        },
        "luo": {
            "luo_0": 0.7528887987136841,
            "luo_1": 0.7593119740486145,
            "luo_2": 0.7378328442573547,
            "luo_3": 0.7400491833686829,
            "luo_4": 0.711986780166626,
            "luo_5": 0.7528687119483948,
            "luo_6": 0.7551751136779785,
            "luo_7": 0.7860586047172546,
            "luo_8": 0.749138355255127,
            "luo_9": 0.8329060077667236
        },
        "pcm": {
            "pcm_0": 0.7906331419944763,
            "pcm_1": 0.8063176870346069,
            "pcm_2": 0.7831227779388428,
            "pcm_3": 0.7530146241188049,
            "pcm_4": 0.7577317953109741,
            "pcm_5": 0.7789863348007202,
            "pcm_6": 0.7543049454689026,
            "pcm_7": 0.7405098080635071,
            "pcm_8": 0.7404974102973938,
            "pcm_9": 0.7529720067977905
        },
        "swa": {
            "swa_0": 0.7383697628974915,
            "swa_1": 0.7441577315330505,
            "swa_2": 0.7521670460700989,
            "swa_3": 0.7409613728523254,
            "swa_4": 0.7435078620910645,
            "swa_5": 0.7396205067634583,
            "swa_6": 0.7524275183677673,
            "swa_7": 0.7033936977386475,
            "swa_8": 0.6965228319168091,
            "swa_9": 0.7350689172744751
        },
        "wol": {
            "wol_0": 0.7667319774627686,
            "wol_1": 0.7731859683990479,
            "wol_2": 0.7849701046943665,
            "wol_3": 0.9176642894744873,
            "wol_4": 0.7790363430976868,
            "wol_5": 0.7710413336753845,
            "wol_6": 0.9490516781806946,
            "wol_7": 0.7607372403144836,
            "wol_8": 0.7790998220443726,
            "wol_9": 0.7424696087837219
        },
        "yor": {
            "yor_0": 0.9073052406311035,
            "yor_1": 0.9046391248703003,
            "yor_2": 0.83421790599823,
            "yor_3": 0.7951306700706482,
            "yor_4": 0.9275814890861511,
            "yor_5": 0.9116827249526978,
            "yor_6": 0.8079593777656555,
            "yor_7": 0.9093025922775269,
            "yor_8": 0.8016131520271301,
            "yor_9": 0.9245352149009705
        },
        "zh": {
            "zh_0": 0.9690409302711487,
            "zh_1": 0.9568181037902832,
            "zh_2": 0.9551087021827698,
            "zh_3": 0.988965630531311,
            "zh_4": 0.963409423828125,
            "zh_5": 0.9530784487724304,
            "zh_6": 0.9756222367286682,
            "zh_7": 0.964392900466919,
            "zh_8": 0.9589859843254089,
            "zh_9": 0.9708642363548279
        }
    },
    "tydiqa": {
        "arabic": {
            "arabic-4449832350126320768-0": 0.9689227938652039,
            "arabic--3340323169760881569-0": 0.9359067678451538,
            "arabic-4544770624843559444-1": 0.9588441252708435,
            "arabic-891952409566422966-0": 0.9647526741027832,
            "arabic-3659291834714572527-0": 0.9562227725982666,
            "arabic-9215226117011890166-0": 0.9531437754631042,
            "arabic-6300896128538259469-0": 0.962883710861206,
            "arabic-2382507508588518905-0": 0.9705606698989868,
            "arabic-1871632801094859741-1": 0.9670061469078064,
            "arabic--7365809756232083807-0": 0.950706422328949
        },
        "russian": {
            "russian-3457655197371763238-61": 0.7137166857719421,
            "russian--1914807805318993335-49": 0.7307543754577637,
            "russian--3307989180606173904-1": 0.7191504836082458,
            "russian--2219512001175315660-0": 0.7176730632781982,
            "russian--7076080992904718941-0": 0.7376124858856201,
            "russian--6565862953558739013-1": 0.7212834358215332,
            "russian--5098374684590548031-42": 0.734578013420105,
            "russian-3573734219967447693-1": 0.704843282699585,
            "russian--4521001374120505750-6": 0.7292592525482178,
            "russian--1308382244018658424-9": 0.7240402698516846
        },
        "bengali": {
            "bengali--1199493965132146131-3": 0.7871202230453491,
            "bengali-1807801556888134437-2": 0.7794038653373718,
            "bengali-2113189855114052041-2": 0.7781985998153687,
            "bengali--2527914488250041207-0": 0.7914311289787292,
            "bengali--8260793280894408063-14": 0.7886230945587158,
            "bengali-8313009204852557186-4": 0.7858867049217224,
            "bengali--415964033364840061-0": 0.7935487627983093,
            "bengali--4696865548928858824-5": 0.7843248248100281,
            "bengali-6505224142472931712-1": 0.7781179547309875,
            "bengali-599666913917674019-13": 0.7622030377388
        },
        "telugu": {
            "telugu--3977923017846260053-0": 0.8136141300201416,
            "telugu-2254198842560317781-0": 0.8128425478935242,
            "telugu-5435080895440121384-0": 0.8109975457191467,
            "telugu--1182505954974481191-2": 0.8114066123962402,
            "telugu-119276511844068401-0": 0.8112901449203491,
            "telugu--4111208545071789922-0": 0.8140637874603271,
            "telugu--5922002196428211484-132": 0.8261633515357971,
            "telugu--1817004721681155192-3": 0.7896341681480408,