{
    "ner": {
        "amh": {
            "amh_0": 0.8479135632514954,
            "amh_1": 0.8569222092628479,
            "amh_2": 0.8690539002418518,
            "amh_3": 0.8523923754692078,
            "amh_4": 0.8512794971466064,
            "amh_5": 0.8237642645835876,
            "amh_6": 0.8735766410827637,
            "amh_7": 0.7506492733955383,
            "amh_8": 0.8459414839744568,
            "amh_9": 0.7309725880622864
        },
        "conll_2003_en": {
            "conll_2003_en_0": 0.5771404504776001,
            "conll_2003_en_1": 0.39864107966423035,
            "conll_2003_en_2": 0.3645482361316681,
            "conll_2003_en_3": 0.29329535365104675,
            "conll_2003_en_4": 0.6798480153083801,
            "conll_2003_en_5": 0.6573907732963562,
            "conll_2003_en_6": 0.9290702939033508,
            "conll_2003_en_7": 0.8817598223686218,
            "conll_2003_en_8": 0.6492761373519897,
            "conll_2003_en_9": 0.534309446811676
        },
        "hau": {
            "hau_0": 0.6118059754371643,
            "hau_1": 0.5925439596176147,
            "hau_2": 0.7225968241691589,
            "hau_3": 0.5358461141586304,
            "hau_4": 0.5915311574935913,
            "hau_5": 0.5860172510147095,
            "hau_6": 0.6137401461601257,
            "hau_7": 0.5109750628471375,
            "hau_8": 0.506615161895752,
            "hau_9": 0.5909146666526794
        },
        "ibo": {
            "ibo_0": 0.4595104157924652,
            "ibo_1": 0.6185877919197083,
            "ibo_2": 0.4823349416255951,
            "ibo_3": 0.5430906414985657,
            "ibo_4": 0.4895887076854706,
            "ibo_5": 0.6806579828262329,
            "ibo_6": 0.5864969491958618,
            "ibo_7": 0.570054829120636,
            "ibo_8": 0.5728242993354797,
            "ibo_9": 0.5982004404067993
        },
        "kin": {
            "kin_0": 0.5255303382873535,
            "kin_1": 0.5490304827690125,
            "kin_2": 0.7146589756011963,
            "kin_3": 0.43008705973625183,
            "kin_4": 0.4620303809642792,
            "kin_5": 0.6238986849784851,
            "kin_6": 0.5827075839042664,
            "kin_7": 0.5343660712242126,
            "kin_8": 0.4908686876296997,
            "kin_9": 0.5681688785552979
        },
        "lug": {
            "lug_0": 0.528505802154541,
            "lug_1": 0.534501850605011,
            "lug_2": 0.5035825371742249,
            "lug_3": 0.5327284932136536,
            "lug_4": 0.5561745762825012,
            "lug_5": 0.5362660884857178,
            "lug_6": 0.5471042394638062,
            "lug_7": 0.5360597968101501,
            "lug_8": 0.4477558434009552,
            "lug_9": 0.5861470699310303
        },
        "luo": {
            "luo_0": 0.5254243612289429,
            "luo_1": 0.6719082593917847,
            "luo_2": 0.5574861764907837,
            "luo_3": 0.4701220393180847,
            "luo_4": 0.4983956813812256,
            "luo_5": 0.5260574221611023,
            "luo_6": 0.48277992010116577,
            "luo_7": 0.6553280353546143,
            "luo_8": 0.5235140323638916,
            "luo_9": 0.6035540103912354
        },
        "pcm": {
            "pcm_0": 0.6080592274665833,
            "pcm_1": 0.4829796552658081,
            "pcm_2": 0.5409811735153198,
            "pcm_3": 0.5751022696495056,
            "pcm_4": 0.5665460824966431,
            "pcm_5": 0.5253062844276428,
            "pcm_6": 0.5024598240852356,
            "pcm_7": 0.4318215548992157,
            "pcm_8": 0.5502846240997314,
            "pcm_9": 0.5725473761558533
        },
        "swa": {
            "swa_0": 0.5048263072967529,
            "swa_1": 0.5612934231758118,
            "swa_2": 0.5969377756118774,
            "swa_3": 0.5114779472351074,
            "swa_4": 0.5197580456733704,
            "swa_5": 0.5564556121826172,
            "swa_6": 0.5516164898872375,
            "swa_7": 0.7657188177108765,
            "swa_8": 0.5467144846916199,
            "swa_9": 0.5690640807151794
        },
        "wol": {
            "wol_0": 0.5896570682525635,
            "wol_1": 0.6487323045730591,
            "wol_2": 0.47076112031936646,
            "wol_3": 0.7851988077163696,
            "wol_4": 0.5877597332000732,
            "wol_5": 0.611659586429596,
            "wol_6": 0.6202337145805359,
            "wol_7": 0.6399223208427429,
            "wol_8": 0.6277222037315369,
            "wol_9": 0.4238748848438263
        },
        "yor": {
            "yor_0": 0.7219918966293335,
            "yor_1": 0.6226575374603271,
            "yor_2": 0.6584683060646057,
            "yor_3": 0.5090022683143616,
            "yor_4": 0.5261704325675964,
            "yor_5": 0.5779085159301758,
            "yor_6": 0.653207540512085,
            "yor_7": 0.5871685147285461,
            "yor_8": 0.44913455843925476,
            "yor_9": 0.7369140386581421
        },
        "zh": {
            "zh_0": 0.7894089221954346,
            "zh_1": 0.8337665796279907,
            "zh_2": 0.797685980796814,
            "zh_3": 0.7348982095718384,
            "zh_4": 0.9172356128692627,
            "zh_5": 0.845473051071167,
            "zh_6": 0.8541749715805054,
            "zh_7": 0.8576804399490356,
            "zh_8": 0.849678635597229,
            "zh_9": 0.860106885433197
        }
    },
    "tydiqa": {
        "arabic": {
            "arabic-4449832350126320768-0": 0.8496030569076538,
            "arabic--3340323169760881569-0": 0.7758247256278992,
            "arabic-4544770624843559444-1": 0.8197198510169983,
            "arabic-891952409566422966-0": 0.836021363735199,
            "arabic-3659291834714572527-0": 0.8395940661430359,
            "arabic-9215226117011890166-0": 0.794003427028656,
            "arabic-6300896128538259469-0": 0.8385946154594421,
            "arabic-2382507508588518905-0": 0.7914189696311951,
            "arabic-1871632801094859741-1": 0.8417636156082153,
            "arabic--7365809756232083807-0": 0.8360838294029236
        },
        "russian": {
            "russian-3457655197371763238-61": 0.5378773212432861,
            "russian--1914807805318993335-49": 0.6108384132385254,
            "russian--3307989180606173904-1": 0.5901398658752441,
            "russian--2219512001175315660-0": 0.6154091358184814,
            "russian--7076080992904718941-0": 0.5911543369293213,
            "russian--6565862953558739013-1": 0.5735712647438049,
            "russian--5098374684590548031-42": 0.6192845702171326,
            "russian-3573734219967447693-1": 0.5644832253456116,
            "russian--4521001374120505750-6": 0.45390570163726807,
            "russian--1308382244018658424-9": 0.5944020748138428
        },
        "bengali": {
            "bengali--1199493965132146131-3": 0.6924468874931335,
            "bengali-1807801556888134437-2": 0.70005202293396,
            "bengali-2113189855114052041-2": 0.6735267043113708,
            "bengali--2527914488250041207-0": 0.7221041321754456,
            "bengali--8260793280894408063-14": 0.6897550225257874,
            "bengali-8313009204852557186-4": 0.678679347038269,
            "bengali--415964033364840061-0": 0.6822731494903564,
            "bengali--4696865548928858824-5": 0.7089252471923828,
            "bengali-6505224142472931712-1": 0.6990378499031067,
            "bengali-599666913917674019-13": 0.6681236028671265
        },
        "telugu": {
            "telugu--3977923017846260053-0": 0.7594594359397888,
            "telugu-2254198842560317781-0": 0.7474768161773682,
            "telugu-5435080895440121384-0": 0.7635967135429382,
            "telugu--1182505954974481191-2": 0.7284006476402283,
            "telugu-119276511844068401-0": 0.77535080909729,
            "telugu--4111208545071789922-0": 0.7726777791976929,
            "telugu--5922002196428211484-132": 0.7392621040344238,
            "telugu--1817004721681155192-3": 0.7665804028511047,