{
    "ner": {
        "amh": {
            "amh_0": 0.8426172733306885,
            "amh_1": 0.8282339572906494,
            "amh_2": 0.7428867816925049,
            "amh_3": 0.8464409112930298,
            "amh_4": 0.8422451615333557,
            "amh_5": 0.7330489158630371,
            "amh_6": 0.7631057500839233,
            "amh_7": 0.7735313177108765,
            "amh_8": 0.8479060530662537,
            "amh_9": 0.8393454551696777
        },
        "conll_2003_en": {
            "conll_2003_en_0": 0.6559840440750122,
            "conll_2003_en_1": 0.7027722001075745,
            "conll_2003_en_2": 0.5665920972824097,
            "conll_2003_en_3": 0.5494033694267273,
            "conll_2003_en_4": 0.8112820386886597,
            "conll_2003_en_5": 0.6918411254882812,
            "conll_2003_en_6": 1.032435417175293,
            "conll_2003_en_7": 0.812628984451294,
            "conll_2003_en_8": 0.7971182465553284,
            "conll_2003_en_9": 0.6886757612228394
        },
        "hau": {
            "hau_0": 0.6522176265716553,
            "hau_1": 0.6409910321235657,
            "hau_2": 0.7945663332939148,
            "hau_3": 0.6759517788887024,
            "hau_4": 0.6071040034294128,
            "hau_5": 0.6793433427810669,
            "hau_6": 0.6411908864974976,
            "hau_7": 0.6457734107971191,
            "hau_8": 0.6506788730621338,
            "hau_9": 0.6610479950904846
        },
        "ibo": {
            "ibo_0": 0.6842495799064636,
            "ibo_1": 0.6344431638717651,
            "ibo_2": 0.6993181705474854,
            "ibo_3": 0.6559845209121704,
            "ibo_4": 0.6122651100158691,
            "ibo_5": 0.6611681580543518,
            "ibo_6": 0.537002444267273,
            "ibo_7": 0.7313962578773499,
            "ibo_8": 0.5399208664894104,
            "ibo_9": 0.645737886428833
        },
        "kin": {
            "kin_0": 0.7003570795059204,
            "kin_1": 0.6751408576965332,
            "kin_2": 0.74957275390625,
            "kin_3": 0.5971777439117432,
            "kin_4": 0.6571176052093506,
            "kin_5": 0.7515725493431091,
            "kin_6": 0.7173246741294861,
            "kin_7": 0.7489679455757141,
            "kin_8": 0.6512132287025452,
            "kin_9": 0.631513237953186
        },
        "lug": {
            "lug_0": 0.6042634844779968,
            "lug_1": 0.6388751864433289,
            "lug_2": 0.6347886323928833,
            "lug_3": 0.6410681009292603,
            "lug_4": 0.6339311599731445,
            "lug_5": 0.6543682217597961,
            "lug_6": 0.6429721117019653,
            "lug_7": 0.5761590003967285,
            "lug_8": 0.6300354599952698,
            "lug_9": 0.6443288922309875
        },
        "luo": {
            "luo_0": 0.660560667514801,
            "luo_1": 0.685392439365387,
            "luo_2": 0.6103575825691223,
            "luo_3": 0.6703411340713501,
            "luo_4": 0.6723610758781433,
            "luo_5": 0.7224348187446594,
            "luo_6": 0.5895233154296875,
            "luo_7": 0.680844783782959,
            "luo_8": 0.6318235993385315,
            "luo_9": 0.7001275420188904
        },
        "pcm": {
            "pcm_0": 0.7663437724113464,
            "pcm_1": 0.7353346347808838,
            "pcm_2": 0.7646498084068298,
            "pcm_3": 0.6603505611419678,
            "pcm_4": 0.6938589215278625,
            "pcm_5": 0.7466007471084595,
            "pcm_6": 0.6791738271713257,
            "pcm_7": 0.6415492296218872,
            "pcm_8": 0.6749630570411682,
            "pcm_9": 0.7640467882156372
        },
        "swa": {
            "swa_0": 0.6707725524902344,
            "swa_1": 0.732021689414978,
            "swa_2": 0.6424699425697327,
            "swa_3": 0.5409515500068665,
            "swa_4": 0.6485486030578613,
            "swa_5": 0.6692073345184326,
            "swa_6": 0.6863819360733032,
            "swa_7": 0.7396632432937622,
            "swa_8": 0.6765629649162292,
            "swa_9": 0.6992102861404419
        },
        "wol": {
            "wol_0": 0.6614470481872559,
            "wol_1": 0.6631883978843689,
            "wol_2": 0.6814515590667725,
            "wol_3": 0.8002868890762329,
            "wol_4": 0.7161110043525696,
            "wol_5": 0.641187310218811,
            "wol_6": 0.7571147680282593,
            "wol_7": 0.7656920552253723,
            "wol_8": 0.6159394979476929,
            "wol_9": 0.6764671802520752
        },
        "yor": {
            "yor_0": 0.7823045253753662,
            "yor_1": 0.7893600463867188,
            "yor_2": 0.7614118456840515,
            "yor_3": 0.6290042400360107,
            "yor_4": 0.7489038705825806,
            "yor_5": 0.7475986480712891,
            "yor_6": 0.7372479438781738,
            "yor_7": 0.7697690725326538,
            "yor_8": 0.6675602197647095,
            "yor_9": 0.7291380167007446
        },
        "zh": {
            "zh_0": 0.878410279750824,
            "zh_1": 0.8457282185554504,
            "zh_2": 0.8433387875556946,
            "zh_3": 0.7858930826187134,
            "zh_4": 0.9216915369033813,
            "zh_5": 0.8612518906593323,
            "zh_6": 0.8417161703109741,
            "zh_7": 0.8685953617095947,
            "zh_8": 0.8595302700996399,
            "zh_9": 0.8736196756362915
        }
    },
    "tydiqa": {
        "arabic": {
            "arabic-4449832350126320768-0": 0.852618396282196,
            "arabic--3340323169760881569-0": 0.7865688800811768,
            "arabic-4544770624843559444-1": 0.8419145345687866,
            "arabic-891952409566422966-0": 0.833743155002594,
            "arabic-3659291834714572527-0": 0.8563789129257202,
            "arabic-9215226117011890166-0": 0.8267775774002075,
            "arabic-6300896128538259469-0": 0.8605044484138489,
            "arabic-2382507508588518905-0": 0.8446426391601562,
            "arabic-1871632801094859741-1": 0.8527991771697998,
            "arabic--7365809756232083807-0": 0.843312680721283
        },
        "russian": {
            "russian-3457655197371763238-61": 0.6654821634292603,
            "russian--1914807805318993335-49": 0.6509501934051514,
            "russian--3307989180606173904-1": 0.6953575611114502,
            "russian--2219512001175315660-0": 0.6632974147796631,
            "russian--7076080992904718941-0": 0.6346303224563599,
            "russian--6565862953558739013-1": 0.6497557163238525,
            "russian--5098374684590548031-42": 0.7295715808868408,
            "russian-3573734219967447693-1": 0.6622512936592102,
            "russian--4521001374120505750-6": 0.664541482925415,
            "russian--1308382244018658424-9": 0.6674810647964478
        },
        "bengali": {
            "bengali--1199493965132146131-3": 0.7124701738357544,
            "bengali-1807801556888134437-2": 0.6954671740531921,
            "bengali-2113189855114052041-2": 0.6860244870185852,
            "bengali--2527914488250041207-0": 0.6853091716766357,
            "bengali--8260793280894408063-14": 0.6920582056045532,
            "bengali-8313009204852557186-4": 0.6954634189605713,
            "bengali--415964033364840061-0": 0.6967204213142395,
            "bengali--4696865548928858824-5": 0.6989277601242065,
            "bengali-6505224142472931712-1": 0.7031840682029724,
            "bengali-599666913917674019-13": 0.6559720635414124
        },
        "telugu": {
            "telugu--3977923017846260053-0": 0.77665114402771,
            "telugu-2254198842560317781-0": 0.7617546319961548,
            "telugu-5435080895440121384-0": 0.7853783965110779,
            "telugu--1182505954974481191-2": 0.7854521870613098,
            "telugu-119276511844068401-0": 0.7781183123588562,
            "telugu--4111208545071789922-0": 0.8049449324607849,
            "telugu--5922002196428211484-132": 0.7763549089431763,
            "telugu--1817004721681155192-3": 0.7538003325462341,