{
    "ner": {
        "amh": {
            "amh_0": 0.7948712110519409,
            "amh_1": 0.879304826259613,
            "amh_2": 0.8622733950614929,
            "amh_3": 0.8652209639549255,
            "amh_4": 0.8504918813705444,
            "amh_5": 0.8589349389076233,
            "amh_6": 0.8683196902275085,
            "amh_7": 0.8226876854896545,
            "amh_8": 0.8383963704109192,
            "amh_9": 0.8321807980537415
        },
        "conll_2003_en": {
            "conll_2003_en_0": 0.7254143357276917,
            "conll_2003_en_1": 0.6081550717353821,
            "conll_2003_en_2": 0.6485399603843689,
            "conll_2003_en_3": 0.6260582208633423,
            "conll_2003_en_4": 0.8731777667999268,
            "conll_2003_en_5": 0.6826092004776001,
            "conll_2003_en_6": 0.9518193602561951,
            "conll_2003_en_7": 0.8177319169044495,
            "conll_2003_en_8": 0.7771540880203247,
            "conll_2003_en_9": 0.6289180517196655
        },
        "hau": {
            "hau_0": 0.6648243069648743,
            "hau_1": 0.5935039520263672,
            "hau_2": 0.7822380661964417,
            "hau_3": 0.6520247459411621,
            "hau_4": 0.6849724650382996,
            "hau_5": 0.601315975189209,
            "hau_6": 0.6916452050209045,
            "hau_7": 0.6486360430717468,
            "hau_8": 0.652228593826294,
            "hau_9": 0.6568611264228821
        },
        "ibo": {
            "ibo_0": 0.7185424566268921,
            "ibo_1": 0.7235722541809082,
            "ibo_2": 0.6872823238372803,
            "ibo_3": 0.6674625873565674,
            "ibo_4": 0.5979543328285217,
            "ibo_5": 0.664814293384552,
            "ibo_6": 0.5739004611968994,
            "ibo_7": 0.688605785369873,
            "ibo_8": 0.6701874732971191,
            "ibo_9": 0.6503974795341492
        },
        "kin": {
            "kin_0": 0.6588081121444702,
            "kin_1": 0.7038933038711548,
            "kin_2": 0.6126248240470886,
            "kin_3": 0.6593564748764038,
            "kin_4": 0.6435370445251465,
            "kin_5": 0.7231490612030029,
            "kin_6": 0.7038304209709167,
            "kin_7": 0.5846904516220093,
            "kin_8": 0.6181341409683228,
            "kin_9": 0.5770198106765747
        },
        "lug": {
            "lug_0": 0.6408559679985046,
            "lug_1": 0.6288579106330872,
            "lug_2": 0.6340755224227905,
            "lug_3": 0.647936224937439,
            "lug_4": 0.7176902890205383,
            "lug_5": 0.6213440299034119,
            "lug_6": 0.6254987120628357,
            "lug_7": 0.6090407371520996,
            "lug_8": 0.6620569825172424,
            "lug_9": 0.6377853751182556
        },
        "luo": {
            "luo_0": 0.6644129753112793,
            "luo_1": 0.6755300164222717,
            "luo_2": 0.6862585544586182,
            "luo_3": 0.6425045728683472,
            "luo_4": 0.6720646619796753,
            "luo_5": 0.6395036578178406,
            "luo_6": 0.6152581572532654,
            "luo_7": 0.7324218153953552,
            "luo_8": 0.6860203742980957,
            "luo_9": 0.744698703289032
        },
        "pcm": {
            "pcm_0": 0.6736562848091125,
            "pcm_1": 0.7622388601303101,
            "pcm_2": 0.766987144947052,
            "pcm_3": 0.6820598840713501,
            "pcm_4": 0.65110182762146,
            "pcm_5": 0.6633366942405701,
            "pcm_6": 0.73215651512146,
            "pcm_7": 0.5508126616477966,
            "pcm_8": 0.6378617286682129,
            "pcm_9": 0.5563486814498901
        },
        "swa": {
            "swa_0": 0.6308268904685974,
            "swa_1": 0.6347180008888245,
            "swa_2": 0.6621673703193665,
            "swa_3": 0.6112621426582336,
            "swa_4": 0.678484320640564,
            "swa_5": 0.5706445574760437,
            "swa_6": 0.6870705485343933,
            "swa_7": 0.7306735515594482,
            "swa_8": 0.5363607406616211,
            "swa_9": 0.7160964012145996
        },
        "wol": {
            "wol_0": 0.717593252658844,
            "wol_1": 0.6129569411277771,
            "wol_2": 0.6110550165176392,
            "wol_3": 0.8091676235198975,
            "wol_4": 0.8007670044898987,
            "wol_5": 0.652933657169342,
            "wol_6": 0.7833685874938965,
            "wol_7": 0.706480860710144,
            "wol_8": 0.6675771474838257,
            "wol_9": 0.559751570224762
        },
        "yor": {
            "yor_0": 0.7583560347557068,
            "yor_1": 0.6919673085212708,
            "yor_2": 0.6901803016662598,
            "yor_3": 0.6038907766342163,
            "yor_4": 0.6829483509063721,
            "yor_5": 0.7445688843727112,
            "yor_6": 0.6919057965278625,
            "yor_7": 0.6919437646865845,
            "yor_8": 0.7061684131622314,
            "yor_9": 0.7833821773529053
        },
        "zh": {
            "zh_0": 0.9035710096359253,
            "zh_1": 0.8099620938301086,
            "zh_2": 0.8483133912086487,
            "zh_3": 0.8920702338218689,
            "zh_4": 0.8936452269554138,
            "zh_5": 0.8734748959541321,
            "zh_6": 0.8519888520240784,
            "zh_7": 0.8564449548721313,
            "zh_8": 0.7942970991134644,
            "zh_9": 0.8616893291473389
        }
    },
    "tydiqa": {
        "arabic": {
            "arabic-4449832350126320768-0": 0.8889190554618835,
            "arabic--3340323169760881569-0": 0.840749204158783,
            "arabic-4544770624843559444-1": 0.831240177154541,
            "arabic-891952409566422966-0": 0.8194857835769653,
            "arabic-3659291834714572527-0": 0.8983985781669617,
            "arabic-9215226117011890166-0": 0.8442441821098328,
            "arabic-6300896128538259469-0": 0.8397831916809082,
            "arabic-2382507508588518905-0": 0.8178241848945618,
            "arabic-1871632801094859741-1": 0.8649054169654846,
            "arabic--7365809756232083807-0": 0.8325207233428955
        },
        "russian": {
            "russian-3457655197371763238-61": 0.6560928821563721,
            "russian--1914807805318993335-49": 0.687700629234314,
            "russian--3307989180606173904-1": 0.6539226770401001,
            "russian--2219512001175315660-0": 0.6699674129486084,
            "russian--7076080992904718941-0": 0.6639076471328735,
            "russian--6565862953558739013-1": 0.652752697467804,
            "russian--5098374684590548031-42": 0.6409927606582642,
            "russian-3573734219967447693-1": 0.6269405484199524,
            "russian--4521001374120505750-6": 0.6217890381813049,
            "russian--1308382244018658424-9": 0.6644900441169739
        },
        "bengali": {
            "bengali--1199493965132146131-3": 0.7161206007003784,
            "bengali-1807801556888134437-2": 0.6957628726959229,
            "bengali-2113189855114052041-2": 0.6941258311271667,
            "bengali--2527914488250041207-0": 0.7186176776885986,
            "bengali--8260793280894408063-14": 0.7029152512550354,
            "bengali-8313009204852557186-4": 0.6918571591377258,
            "bengali--415964033364840061-0": 0.7071384191513062,
            "bengali--4696865548928858824-5": 0.7113999128341675,
            "bengali-6505224142472931712-1": 0.6769837141036987,
            "bengali-599666913917674019-13": 0.650634229183197
        },
        "telugu": {
            "telugu--3977923017846260053-0": 0.787577211856842,
            "telugu-2254198842560317781-0": 0.7898725271224976,
            "telugu-5435080895440121384-0": 0.7725020051002502,
            "telugu--1182505954974481191-2": 0.7618703246116638,
            "telugu-119276511844068401-0": 0.7498074173927307,
            "telugu--4111208545071789922-0": 0.7791000604629517,
            "telugu--5922002196428211484-132": 0.7615072131156921,
            "telugu--1817004721681155192-3": 0.7586594223976135,