{
    "accuracy_score": 0.8688414552288898,
    "f1": 0.05873261205564142,
    "precision": 0.21348314606741572,
    "recall": 0.034050179211469536,
    "test_accuracy_score": 0.8688414552288898,
    "test_f1": 0.05873261205564142,
    "test_loss": 1.6608660221099854,
    "test_precision": 0.21348314606741572,
    "test_recall": 0.034050179211469536,
    "test_runtime": 7.143,
    "test_samples": 500,
    "test_samples_per_second": 69.999,
    "test_steps_per_second": 8.82
}