{
    "temperature": 3.264136552810669, 
    "metrics": 
        {
        "nll_before": 1.4978951215744019, 
        "ece_before": 0.9447592496871948, 
        "nll_after": 0.5887224078178406, 
        "ece_after": 0.838968813419342
        }
}