{
    "Arabic": 0.28510925380254376,
    "Russian": 0.3402623398211962,
    "Bengali": 0.2472791106447368,
    "Telugu": 0.5001047012431127,
    "Finnish": 0.3651030489723315,
    "Swahili": 0.4466881726401327,
    "Korean": 0.19717058117811895,
    "Indonesian": 0.4277023613436089,
    "English": 0.4212115098867394
}