{
    "ner": {
        "amh": {
            "amh_0": 0.8446900844573975,
            "amh_1": 0.8467801809310913,
            "amh_2": 0.8353492617607117,
            "amh_3": 0.8566699028015137,
            "amh_4": 0.8281908631324768,
            "amh_5": 0.7258411645889282,
            "amh_6": 0.8496894836425781,
            "amh_7": 0.8552771210670471,
            "amh_8": 0.872170090675354,
            "amh_9": 0.8303720355033875
        },
        "conll_2003_en": {
            "conll_2003_en_0": 0.39546841382980347,
            "conll_2003_en_1": 0.5788494348526001,
            "conll_2003_en_2": 0.6136705279350281,
            "conll_2003_en_3": 0.6198930144309998,
            "conll_2003_en_4": 0.6336410045623779,
            "conll_2003_en_5": 0.7826685309410095,
            "conll_2003_en_6": 0.8975370526313782,
            "conll_2003_en_7": 0.8372856378555298,
            "conll_2003_en_8": 0.820279598236084,
            "conll_2003_en_9": 0.6977365016937256
        },
        "hau": {
            "hau_0": 0.6628109812736511,
            "hau_1": 0.656140923500061,
            "hau_2": 0.7862355709075928,
            "hau_3": 0.5588237643241882,
            "hau_4": 0.6034235954284668,
            "hau_5": 0.5661413669586182,
            "hau_6": 0.6328446269035339,
            "hau_7": 0.5983767509460449,
            "hau_8": 0.5275670289993286,
            "hau_9": 0.6125739812850952
        },
        "ibo": {
            "ibo_0": 0.6193825006484985,
            "ibo_1": 0.5762454867362976,
            "ibo_2": 0.5613782405853271,
            "ibo_3": 0.6887209415435791,
            "ibo_4": 0.6026548743247986,
            "ibo_5": 0.6550205945968628,
            "ibo_6": 0.6110965013504028,
            "ibo_7": 0.5115190744400024,
            "ibo_8": 0.708861231803894,
            "ibo_9": 0.7075352668762207
        },
        "kin": {
            "kin_0": 0.5975517630577087,
            "kin_1": 0.6055135130882263,
            "kin_2": 0.41187813878059387,
            "kin_3": 0.6318053603172302,
            "kin_4": 0.5752478837966919,
            "kin_5": 0.6381103992462158,
            "kin_6": 0.5722383260726929,
            "kin_7": 0.6850631833076477,
            "kin_8": 0.5562240481376648,
            "kin_9": 0.7034858465194702
        },
        "lug": {
            "lug_0": 0.5694826245307922,
            "lug_1": 0.5883175134658813,
            "lug_2": 0.6105066537857056,
            "lug_3": 0.560252845287323,
            "lug_4": 0.58475661277771,
            "lug_5": 0.625903308391571,
            "lug_6": 0.5373378992080688,
            "lug_7": 0.6148893237113953,
            "lug_8": 0.6339223980903625,
            "lug_9": 0.6310136914253235
        },
        "luo": {
            "luo_0": 0.6446201205253601,
            "luo_1": 0.4464694559574127,
            "luo_2": 0.6011847853660583,
            "luo_3": 0.5084982514381409,
            "luo_4": 0.6166927814483643,
            "luo_5": 0.6090598106384277,
            "luo_6": 0.5844578146934509,
            "luo_7": 0.7892279028892517,
            "luo_8": 0.5364971160888672,
            "luo_9": 0.4879269301891327
        },
        "pcm": {
            "pcm_0": 0.6565554141998291,
            "pcm_1": 0.6404288411140442,
            "pcm_2": 0.5718584060668945,
            "pcm_3": 0.600582480430603,
            "pcm_4": 0.5757595896720886,
            "pcm_5": 0.15773814916610718,
            "pcm_6": 0.7194799780845642,
            "pcm_7": 0.49212056398391724,
            "pcm_8": 0.6240619421005249,
            "pcm_9": 0.5440047979354858
        },
        "swa": {
            "swa_0": 0.5999062061309814,
            "swa_1": 0.4714600443840027,
            "swa_2": 0.6247484683990479,
            "swa_3": 0.644020676612854,
            "swa_4": 0.5442866683006287,
            "swa_5": 0.5458936095237732,
            "swa_6": 0.6655423641204834,
            "swa_7": 0.7794992327690125,
            "swa_8": 0.5057311058044434,
            "swa_9": 0.5545250177383423
        },
        "wol": {
            "wol_0": 0.6557623147964478,
            "wol_1": 0.6936907768249512,
            "wol_2": 0.6228423118591309,
            "wol_3": 0.7920815944671631,
            "wol_4": 0.7600055932998657,
            "wol_5": 0.592475950717926,
            "wol_6": 0.6892296075820923,
            "wol_7": 0.6230128407478333,
            "wol_8": 0.7233626842498779,
            "wol_9": 0.5980112552642822
        },
        "yor": {
            "yor_0": 0.7264712452888489,
            "yor_1": 0.7127255201339722,
            "yor_2": 0.6954484581947327,
            "yor_3": 0.5213229656219482,
            "yor_4": 0.5317433476448059,
            "yor_5": 0.6468548774719238,
            "yor_6": 0.5968906283378601,
            "yor_7": 0.667766273021698,
            "yor_8": 0.5757294297218323,
            "yor_9": 0.8218274712562561
        },
        "zh": {
            "zh_0": 0.8387083411216736,
            "zh_1": 0.8533996343612671,
            "zh_2": 0.8240492939949036,
            "zh_3": 0.8731131553649902,
            "zh_4": 0.9016909003257751,
            "zh_5": 0.8748232126235962,
            "zh_6": 0.8510255217552185,
            "zh_7": 0.851969838142395,
            "zh_8": 0.8103010654449463,
            "zh_9": 0.8077383637428284
        }
    },
    "tydiqa": {
        "arabic": {
            "arabic-4449832350126320768-0": 0.8574156761169434,
            "arabic--3340323169760881569-0": 0.7955246567726135,
            "arabic-4544770624843559444-1": 0.821848452091217,
            "arabic-891952409566422966-0": 0.8243348002433777,
            "arabic-3659291834714572527-0": 0.8666228652000427,
            "arabic-9215226117011890166-0": 0.802863597869873,
            "arabic-6300896128538259469-0": 0.851533055305481,
            "arabic-2382507508588518905-0": 0.8429170250892639,
            "arabic-1871632801094859741-1": 0.8440918922424316,
            "arabic--7365809756232083807-0": 0.8079010844230652
        },
        "russian": {
            "russian-3457655197371763238-61": 0.6060961484909058,
            "russian--1914807805318993335-49": 0.6521651744842529,
            "russian--3307989180606173904-1": 0.6022865176200867,
            "russian--2219512001175315660-0": 0.6445524096488953,
            "russian--7076080992904718941-0": 0.6713207960128784,
            "russian--6565862953558739013-1": 0.6015223860740662,
            "russian--5098374684590548031-42": 0.65622878074646,
            "russian-3573734219967447693-1": 0.6287904381752014,
            "russian--4521001374120505750-6": 0.639056921005249,
            "russian--1308382244018658424-9": 0.5760504007339478
        },
        "bengali": {
            "bengali--1199493965132146131-3": 0.6944498419761658,
            "bengali-1807801556888134437-2": 0.6915045380592346,
            "bengali-2113189855114052041-2": 0.680789053440094,
            "bengali--2527914488250041207-0": 0.6979601383209229,
            "bengali--8260793280894408063-14": 0.6735281348228455,
            "bengali-8313009204852557186-4": 0.6725278496742249,
            "bengali--415964033364840061-0": 0.7063784003257751,
            "bengali--4696865548928858824-5": 0.6991522312164307,
            "bengali-6505224142472931712-1": 0.6883264780044556,
            "bengali-599666913917674019-13": 0.6636897921562195
        },
        "telugu": {
            "telugu--3977923017846260053-0": 0.7783156037330627,
            "telugu-2254198842560317781-0": 0.7686829566955566,
            "telugu-5435080895440121384-0": 0.7710190415382385,
            "telugu--1182505954974481191-2": 0.7662266492843628,
            "telugu-119276511844068401-0": 0.76335608959198,
            "telugu--4111208545071789922-0": 0.7998856902122498,
            "telugu--5922002196428211484-132": 0.7479303479194641,
            "telugu--1817004721681155192-3": 0.757761538028717,