{
    "tydiqa": {
        "korean": {
            "korean-3268522368206106332-0": 0.1457912176847458
        },
        "indonesian": {
            "indonesian-9141868818310916091-0": 0.015117784030735493,
            "indonesian-4609394337632433932-1": 0.057979289442300797,
            "indonesian-2763468883290577923-0": 0.017801357433199883,
            "indonesian-5633590583948933406-0": 0.027666402980685234,
            "indonesian--5961409780035435015-0": 0.015432286076247692,
            "indonesian-6274547934693326697-0": 0.0218149796128273,
            "indonesian--2516321763567853082-0": 0.013159294612705708,
            "indonesian-2048796427556239759-4": 0.043275002390146255,
            "indonesian-6246592469157278547-2": 0.021999217569828033,
            "indonesian--3724318458930736973-1": 0.01386247854679823
        },
        "english": {
            "english-2852412434797041176-6": 0.06041686236858368,
            "english--1463732605740571606-0": 0.015583541244268417,
            "english-5441411281255470421-0": 0.01582622341811657,
            "english-7294054492486093447-1": 0.015886301174759865,
            "english-8820750127045023244-0": 0.039564672857522964,
            "english--506693546683012611-2": 0.05480716750025749,
            "english-745411798111651115-0": 0.01530126016587019,
            "english-7740772185887912651-0": 0.016388190910220146,
            "english-383873188776267137-19": 0.015022228471934795,
            "english--8277537578703156284-0": 0.018194369971752167
        }
    },
    "glue": {
        "cola": {
            "cola_228": 0.0400574691593647,
            "cola_51": 0.04185588285326958,
            "cola_563": 0.14627647399902344,
            "cola_501": 0.046286582946777344,
            "cola_457": 0.05431300401687622,
            "cola_285": 0.05073370039463043,
            "cola_209": 0.04100848361849785,
            "cola_178": 0.04847516119480133,
            "cola_864": 0.05347634479403496,
            "cola_65": 0.04882976412773132
        },
        "mnli": {
            "mnli_488": 0.05847477912902832,
            "mnli_1535": 0.05193471908569336,
            "mnli_3582": 0.04398380219936371,
            "mnli_3811": 0.03669357672333717,
            "mnli_8279": 0.05091589689254761,
            "mnli_434": 0.038032159209251404,
            "mnli_9195": 0.06509753316640854,
            "mnli_3257": 0.04800271987915039,
            "mnli_8928": 0.055857643485069275,
            "mnli_6873": 0.04552631080150604
        },
        "mrpc": {
            "mrpc_451": 0.049557458609342575,
            "mrpc_919": 0.05237925052642822,
            "mrpc_1206": 0.05228543281555176,
            "mrpc_569": 0.0575178898870945,
            "mrpc_1657": 0.03993405029177666,
            "mrpc_13": 0.054839346557855606,
            "mrpc_1554": 0.038496844470500946,
            "mrpc_1650": 0.15735220909118652,
            "mrpc_326": 0.06034206971526146,
            "mrpc_1429": 0.0489061065018177
        },
        "qnli": {
            "qnli_3462": 0.060987234115600586,
            "qnli_2787": 0.04757417365908623,
            "qnli_2276": 0.04091324657201767,
            "qnli_1273": 0.04917648434638977,
            "qnli_1763": 0.04987533390522003,
            "qnli_2757": 0.049741972237825394,
            "qnli_837": 0.04798084497451782,
            "qnli_759": 0.01678355783224106,
            "qnli_3112": 0.053002338856458664,
            "qnli_792": 0.05466965213418007
        },
        "qqp": {
            "qqp_188208": 0.04974130168557167,
            "qqp_180331": 0.036158040165901184,
            "qqp_316526": 0.04500959441065788,
            "qqp_138685": 0.041225988417863846,
            "qqp_22780": 0.03897958621382713,
            "qqp_382589": 0.050845712423324585,
            "qqp_240870": 0.04370686411857605,
            "qqp_281137": 0.043175846338272095,
            "qqp_65444": 0.04761793091893196,
            "qqp_198461": 0.04495244100689888
        },
        "rte": {
            "rte_322": 0.05592553690075874,
            "rte_2261": 0.05219287797808647,
            "rte_1200": 0.03694533929228783,
            "rte_2574": 0.01726054586470127,
            "rte_2533": 0.017258817330002785,
            "rte_1481": 0.045542944222688675,
            "rte_2364": 0.050990838557481766,
            "rte_787": 0.048040349036455154,
            "rte_2885": 0.017186760902404785,
            "rte_284": 0.03852519765496254
        },
        "sst2": {
            "sst2_93": 0.03787969797849655,
            "sst2_1354": 0.04692958667874336,
            "sst2_466": 0.042426496744155884,
            "sst2_1583": 0.04652385413646698,
            "sst2_592": 0.05641857907176018,
            "sst2_163": 0.07783409208059311,
            "sst2_1751": 0.04119860753417015,
            "sst2_476": 0.03337279334664345,
            "sst2_1774": 0.043011438101530075,
            "sst2_206": 0.0352284200489521
        },
        "stsb": {
            "stsb_778": 0.05479389429092407,
            "stsb_569": 0.06524685770273209,
            "stsb_928": 0.038013309240341187,
            "stsb_1301": 0.04619326815009117,
            "stsb_747": 0.057986993342638016,
            "stsb_333": 0.047610897570848465,
            "stsb_758": 0.05904219672083855,
            "stsb_727": 0.04888978973031044,
            "stsb_429": 0.04962075874209404,
            "stsb_1372": 0.042506393045186996
        },
        "wnli": {
            "wnli_68": 0.04964348301291466,
            "wnli_18": 0.038691531866788864,
            "wnli_43": 0.054530028253793716,
            "wnli_136": 0.04670290648937225,
            "wnli_62": 0.04847116395831108,
            "wnli_41": 0.05571574345231056,
            "wnli_118": 0.05077102780342102,
            "wnli_97": 0.03664487227797508,
            "wnli_69": 0.040120791643857956,
            "wnli_142": 0.03666547313332558
        }
    }
}